This is LuaHBTeX, Version 1.22.0 (MiKTeX 25.4) (format=lualatex 2025.7.22)  13 AUG 2025 18:41
 restricted system commands enabled.
**main.tex
(./main.tex
LaTeX2e <2025-06-01> patch level 1
L3 programming layer <2025-06-09>
Lua module: luaotfload 2024-12-03 v3.29 Lua based OpenType font support
Lua module: lualibs 2023-07-13 v2.76 ConTeXt Lua standard libraries.
Lua module: lualibs-extended 2023-07-13 v2.76 ConTeXt Lua libraries -- extended 
collection.
luaotfload | conf : Root cache directory is "C:/Users/david.navarro/AppData/Loca
l/MiKTeX/luatex-cache/generic/names".
luaotfload | init : Loading fontloader "fontloader-2023-12-28.lua" from kpse-res
olved path "C:/Users/david.navarro/AppData/Local/Programs/MiKTeX/tex/luatex/luao
tfload/fontloader-2023-12-28.lua".
Lua-only attribute luaotfload@noligature = 1
luaotfload | init : Context OpenType loader version 3.134
Inserting `luaotfload.node_processor' in `pre_linebreak_filter'.
Inserting `luaotfload.node_processor' in `hpack_filter'.
Inserting `luaotfload.glyph_stream' in `glyph_stream_provider'.
Inserting `luaotfload.define_font' in `define_font'.
Lua-only attribute luaotfload_color_attribute = 2
luaotfload | conf : Root cache directory is "C:/Users/david.navarro/AppData/Loca
l/MiKTeX/luatex-cache/generic/names".
Inserting `luaotfload.harf.strip_prefix' in `find_opentype_file'.
Inserting `luaotfload.harf.strip_prefix' in `find_truetype_file'.
Removing  `luaotfload.glyph_stream' from `glyph_stream_provider'.
Inserting `luaotfload.harf.glyphstream' in `glyph_stream_provider'.
Inserting `luaotfload.harf.finalize_vlist' in `post_linebreak_filter'.
Inserting `luaotfload.harf.finalize_hlist' in `hpack_filter'.
Inserting `luaotfload.cleanup_files' in `wrapup_run'.
Inserting `luaotfload.harf.finalize_unicode' in `finish_pdffile'.
Inserting `luaotfload.glyphinfo' in `glyph_info'.
Lua-only attribute luaotfload.letterspace_done = 3
Inserting `luaotfload.aux.set_sscale_dimens' in `luaotfload.patch_font'.
Inserting `luaotfload.aux.set_font_index' in `luaotfload.patch_font'.
Inserting `luaotfload.aux.patch_cambria_domh' in `luaotfload.patch_font'.
Inserting `luaotfload.aux.fixup_fontdata' in `luaotfload.patch_font_unsafe'.
Inserting `luaotfload.aux.set_capheight' in `luaotfload.patch_font'.
Inserting `luaotfload.aux.set_xheight' in `luaotfload.patch_font'.
Inserting `luaotfload.rewrite_fontname' in `luaotfload.patch_font'.
Inserting `tracingstacklevels' in `input_level_string'.
(C:/Users/david.navarro/AppData/Local/Programs/MiKTeX/tex/latex/base/article.cl
s
Document Class: article 2025/01/22 v1.4n Standard LaTeX document class

(C:/Users/david.navarro/AppData/Local/Programs/MiKTeX/tex/latex/base/size12.clo
File: size12.clo 2025/01/22 v1.4n Standard LaTeX file (size option)
luaotfload | db : Font names database loaded from C:/Users/david.navarro/AppData
/Local/MiKTeX/luatex-cache/generic/names/luaotfload-names.luc.gz)
\c@part=\count273
\c@section=\count274
\c@subsection=\count275
\c@subsubsection=\count276
\c@paragraph=\count277
\c@subparagraph=\count278
\c@figure=\count279
\c@table=\count280
\abovecaptionskip=\skip49
\belowcaptionskip=\skip50
\bibindent=\dimen147
)
(C:/Users/david.navarro/AppData/Local/Programs/MiKTeX/tex/generic/babel/babel.s
ty
Package: babel 2025/05/14 v25.9 The multilingual framework for pdfLaTeX, LuaLaT
eX and XeLaTeX

(C:/Users/david.navarro/AppData/Local/Programs/MiKTeX/tex/generic/babel/luababe
l.def
\bbl@readstream=\read2
\l@afrikaans=\language2
Package babel Info: Non-standard hyphenation setup on input line 118.
\l@ancientgreek=\language3
\l@armenian=\language4
\l@assamese=\language5
\l@basque=\language6
\l@belarusian=\language7
\l@bengali=\language8
\l@bokmal=\language9
\l@bulgarian=\language10
\l@catalan=\language11
\l@churchslavonic=\language12
\l@classiclatin=\language13
\l@coptic=\language14
\l@croatian=\language15
\l@czech=\language16
\l@danish=\language17
\l@dutch=\language18
\l@esperanto=\language19
\l@estonian=\language20
\l@ethiopic=\language21
\l@finnish=\language22
\l@french=\language23
\l@friulan=\language24
\l@galician=\language25
\l@georgian=\language26
\l@german=\language27
\l@greek=\language28
\l@gujarati=\language29
\l@hindi=\language30
\l@hungarian=\language31
\l@icelandic=\language32
\l@indonesian=\language33
\l@interlingua=\language34
\l@irish=\language35
\l@italian=\language36
\l@kannada=\language37
\l@kurmanji=\language38
\l@latin=\language39
\l@latvian=\language40
\l@lithuanian=\language41
\l@liturgicallatin=\language42
\l@macedonian=\language43
\l@malayalam=\language44
\l@marathi=\language45
\l@mongolian=\language46
\l@mongolianlmc=\language47
\l@monogreek=\language48
\l@ngerman=\language49
\l@nynorsk=\language50
\l@occitan=\language51
\l@oriya=\language52
\l@pali=\language53
\l@panjabi=\language54
\l@piedmontese=\language55
\l@polish=\language56
\l@portuguese=\language57
\l@romanian=\language58
\l@romansh=\language59
\l@russian=\language60
\l@sanskrit=\language61
\l@serbian=\language62
\l@serbianc=\language63
\l@slovak=\language64
\l@slovenian=\language65
\l@spanish=\language66
\l@swedish=\language67
\l@swissgerman=\language68
\l@tamil=\language69
\l@telugu=\language70
\l@thai=\language71
\l@turkish=\language72
\l@turkmen=\language73
\l@ukenglish=\language74
\l@ukrainian=\language75
\l@uppersorbian=\language76
\l@usenglishmax=\language77
\l@welsh=\language78
\babelcatcodetablenum=\catcodetable14
\bbl@pattcodes=\catcodetable15
)
\babel@savecnt=\count281
LaTeX Encoding Info:    Redeclaring text command \ij (encoding OT1) on input li
ne 2043.
LaTeX Encoding Info:    Redeclaring text command \IJ (encoding OT1) on input li
ne 2045.
LaTeX Encoding Info:    Redeclaring text command \ij (encoding T1) on input lin
e 2047.
LaTeX Encoding Info:    Redeclaring text command \IJ (encoding T1) on input lin
e 2048.
LaTeX Encoding Info:    Ignoring declaration for text command \ij (encoding ?) 
on input line 2049.
LaTeX Encoding Info:    Ignoring declaration for text command \IJ (encoding ?) 
on input line 2051.
LaTeX Encoding Info:    Ignoring declaration for text command \SS (encoding ?) 
on input line 2076.
\U@D=\dimen148
\l@unhyphenated=\language79

(C:/Users/david.navarro/AppData/Local/Programs/MiKTeX/tex/generic/babel/luababe
l.def
\bbl@attr@locale=\attribute4
)
*************************************
* Local config file bblopts.cfg used
*

(C:/Users/david.navarro/AppData/Local/Programs/MiKTeX/tex/latex/arabi/bblopts.c
fg
File: bblopts.cfg 2005/09/08 v0.1 add Arabic and Farsi to "declared" options of
 babel
)
(C:/Users/david.navarro/AppData/Local/Programs/MiKTeX/tex/latex/babel-portuges/
brazilian.ldf
Language: portuges 2021/07/09 v1.2t Portuguese support from the babel system

(C:/Users/david.navarro/AppData/Local/Programs/MiKTeX/tex/generic/babel/locale/
pt/babel-brazilian.tex
Package babel Info: Importing font and identification data for brazilian
(babel)             from babel-pt-BR.ini. Reported on input line 11.
)
Package babel Info: Hyphen rules for 'brazilian' set to \l@portuguese
(babel)             (\language57). Reported on input line 111.
Package babel Info: Making " an active character on input line 143.

(C:/Users/david.navarro/AppData/Local/Programs/MiKTeX/tex/generic/hyph-utf8/loa
dhyph/loadhyph-pt.tex UTF-8 Portuguese hyphenation patterns
(C:/Users/david.navarro/AppData/Local/Programs/MiKTeX/tex/generic/hyph-utf8/pat
terns/tex/hyph-pt.tex))))
(C:/Users/david.navarro/AppData/Local/Programs/MiKTeX/tex/latex/geometry/geomet
ry.sty
Package: geometry 2020/01/02 v5.9 Page Geometry

(C:/Users/david.navarro/AppData/Local/Programs/MiKTeX/tex/latex/graphics/keyval
.sty
Package: keyval 2022/05/29 v1.15 key=value parser (DPC)
\KV@toks@=\toks17
)
(C:/Users/david.navarro/AppData/Local/Programs/MiKTeX/tex/generic/iftex/ifvtex.
sty
Package: ifvtex 2019/10/25 v1.7 ifvtex legacy package. Use iftex instead.

(C:/Users/david.navarro/AppData/Local/Programs/MiKTeX/tex/generic/iftex/iftex.s
ty
Package: iftex 2024/12/12 v1.0g TeX engine tests
))
\Gm@cnth=\count282
\Gm@cntv=\count283
\c@Gm@tempcnt=\count284
\Gm@bindingoffset=\dimen149
\Gm@wd@mp=\dimen150
\Gm@odd@mp=\dimen151
\Gm@even@mp=\dimen152
\Gm@layoutwidth=\dimen153
\Gm@layoutheight=\dimen154
\Gm@layouthoffset=\dimen155
\Gm@layoutvoffset=\dimen156
\Gm@dimlist=\toks18

(C:/Users/david.navarro/AppData/Local/Programs/MiKTeX/tex/latex/geometry/geomet
ry.cfg))
(C:/Users/david.navarro/AppData/Local/Programs/MiKTeX/tex/latex/base/fontenc.st
y
Package: fontenc 2024/12/21 v2.1c Standard LaTeX package
LaTeX Font Info:    Trying to load font information for T1+lmr on input line 11
6.
 (C:/Users/david.navarro/AppData/Local/Programs/MiKTeX/tex/latex/lm/t1lmr.fd
File: t1lmr.fd 2015/05/01 v1.6.1 Font defs for Latin Modern
)) (C:/Users/david.navarro/AppData/Local/Programs/MiKTeX/tex/latex/lm/lmodern.s
ty
Package: lmodern 2015/05/01 v1.6.1 Latin Modern Fonts
LaTeX Font Info:    Overwriting symbol font `operators' in version `normal'
(Font)                  OT1/cmr/m/n --> OT1/lmr/m/n on input line 22.
LaTeX Font Info:    Overwriting symbol font `letters' in version `normal'
(Font)                  OML/cmm/m/it --> OML/lmm/m/it on input line 23.
LaTeX Font Info:    Overwriting symbol font `symbols' in version `normal'
(Font)                  OMS/cmsy/m/n --> OMS/lmsy/m/n on input line 24.
LaTeX Font Info:    Overwriting symbol font `largesymbols' in version `normal'
(Font)                  OMX/cmex/m/n --> OMX/lmex/m/n on input line 25.
LaTeX Font Info:    Overwriting symbol font `operators' in version `bold'
(Font)                  OT1/cmr/bx/n --> OT1/lmr/bx/n on input line 26.
LaTeX Font Info:    Overwriting symbol font `letters' in version `bold'
(Font)                  OML/cmm/b/it --> OML/lmm/b/it on input line 27.
LaTeX Font Info:    Overwriting symbol font `symbols' in version `bold'
(Font)                  OMS/cmsy/b/n --> OMS/lmsy/b/n on input line 28.
LaTeX Font Info:    Overwriting symbol font `largesymbols' in version `bold'
(Font)                  OMX/cmex/m/n --> OMX/lmex/m/n on input line 29.
LaTeX Font Info:    Overwriting math alphabet `\mathbf' in version `normal'
(Font)                  OT1/cmr/bx/n --> OT1/lmr/bx/n on input line 31.
LaTeX Font Info:    Overwriting math alphabet `\mathsf' in version `normal'
(Font)                  OT1/cmss/m/n --> OT1/lmss/m/n on input line 32.
LaTeX Font Info:    Overwriting math alphabet `\mathit' in version `normal'
(Font)                  OT1/cmr/m/it --> OT1/lmr/m/it on input line 33.
LaTeX Font Info:    Overwriting math alphabet `\mathtt' in version `normal'
(Font)                  OT1/cmtt/m/n --> OT1/lmtt/m/n on input line 34.
LaTeX Font Info:    Overwriting math alphabet `\mathbf' in version `bold'
(Font)                  OT1/cmr/bx/n --> OT1/lmr/bx/n on input line 35.
LaTeX Font Info:    Overwriting math alphabet `\mathsf' in version `bold'
(Font)                  OT1/cmss/bx/n --> OT1/lmss/bx/n on input line 36.
LaTeX Font Info:    Overwriting math alphabet `\mathit' in version `bold'
(Font)                  OT1/cmr/bx/it --> OT1/lmr/bx/it on input line 37.
LaTeX Font Info:    Overwriting math alphabet `\mathtt' in version `bold'
(Font)                  OT1/cmtt/m/n --> OT1/lmtt/m/n on input line 38.
)
(C:/Users/david.navarro/AppData/Local/Programs/MiKTeX/tex/latex/fontspec/fontsp
ec.sty
(C:/Users/david.navarro/AppData/Local/Programs/MiKTeX/tex/latex/l3packages/xpar
se/xparse.sty
(C:/Users/david.navarro/AppData/Local/Programs/MiKTeX/tex/latex/l3kernel/expl3.
sty
Package: expl3 2025-06-09 L3 programming layer (loader) 

(C:/Users/david.navarro/AppData/Local/Programs/MiKTeX/tex/latex/l3backend/l3bac
kend-luatex.def
File: l3backend-luatex.def 2025-06-09 L3 backend support: PDF output (LuaTeX)
\l__color_backend_stack_int=\count285
Inserting `l3color' in `luaotfload.parse_color'.))
Package: xparse 2024-08-16 L3 Experimental document command parser
)
Package: fontspec 2024/05/11 v2.9e Font selection for XeLaTeX and LuaLaTeX
Lua module: fontspec 2024/05/11 v2.9e Font selection for XeLaTeX and LuaLaTeX
(C:/Users/david.navarro/AppData/Local/Programs/MiKTeX/tex/latex/fontspec/fontsp
ec-luatex.sty
Package: fontspec-luatex 2024/05/11 v2.9e Font selection for XeLaTeX and LuaLaT
eX
\l__fontspec_script_int=\count286
\l__fontspec_language_int=\count287
\l__fontspec_strnum_int=\count288
\l__fontspec_tmp_int=\count289
\l__fontspec_tmpa_int=\count290
\l__fontspec_tmpb_int=\count291
\l__fontspec_tmpc_int=\count292
\l__fontspec_em_int=\count293
\l__fontspec_emdef_int=\count294
\l__fontspec_strong_int=\count295
\l__fontspec_strongdef_int=\count296
\l__fontspec_tmpa_dim=\dimen157
\l__fontspec_tmpb_dim=\dimen158
\l__fontspec_tmpc_dim=\dimen159

(C:/Users/david.navarro/AppData/Local/Programs/MiKTeX/tex/latex/base/fontenc.st
y
Package: fontenc 2024/12/21 v2.1c Standard LaTeX package
)
(C:/Users/david.navarro/AppData/Local/Programs/MiKTeX/tex/latex/fontspec/fontsp
ec.cfg)))
(C:/Users/david.navarro/AppData/Local/Programs/MiKTeX/tex/latex/transparent/tra
nsparent.sty
Package: transparent 2025-06-23 v1.6 Transparency with color stacks

(C:/Users/david.navarro/AppData/Local/Programs/MiKTeX/tex/latex/transparent/tra
nsparent-nometadata.sty
Package: transparent-nometadata 2025-06-23 v1.6 Transparency via pdfTeX's color
 stack (HO)

(C:/Users/david.navarro/AppData/Local/Programs/MiKTeX/tex/latex/auxhook/auxhook
.sty
Package: auxhook 2019-12-17 v1.6 Hooks for auxiliary files (HO)
)))
(C:/Users/david.navarro/AppData/Local/Programs/MiKTeX/tex/latex/amsfonts/amsfon
ts.sty
Package: amsfonts 2013/01/14 v3.01 Basic AMSFonts support
\@emptytoks=\toks19
\symAMSa=\mathgroup4
\symAMSb=\mathgroup5
LaTeX Font Info:    Redeclaring math symbol \hbar on input line 98.
LaTeX Font Info:    Overwriting math alphabet `\mathfrak' in version `bold'
(Font)                  U/euf/m/n --> U/euf/b/n on input line 106.
)
(C:/Users/david.navarro/AppData/Local/Programs/MiKTeX/tex/latex/amsmath/amsmath
.sty
Package: amsmath 2025/06/16 v2.17y AMS math features
\@mathmargin=\skip51

For additional information on amsmath, use the `?' option.

(C:/Users/david.navarro/AppData/Local/Programs/MiKTeX/tex/latex/amsmath/amstext
.sty
Package: amstext 2024/11/17 v2.01 AMS text

(C:/Users/david.navarro/AppData/Local/Programs/MiKTeX/tex/latex/amsmath/amsgen.
sty
File: amsgen.sty 1999/11/30 v2.0 generic functions
\@emptytoks=\toks20
\ex@=\dimen160
))
(C:/Users/david.navarro/AppData/Local/Programs/MiKTeX/tex/latex/amsmath/amsbsy.
sty
Package: amsbsy 1999/11/29 v1.2d Bold Symbols
\pmbraise@=\dimen161
)
(C:/Users/david.navarro/AppData/Local/Programs/MiKTeX/tex/latex/amsmath/amsopn.
sty
Package: amsopn 2022/04/08 v2.04 operator names
)
\inf@bad=\count297
LaTeX Info: Redefining \frac on input line 235.
\uproot@=\count298
\leftroot@=\count299
LaTeX Info: Redefining \overline on input line 398.
LaTeX Info: Redefining \colon on input line 409.
\classnum@=\count300
\DOTSCASE@=\count301
LaTeX Info: Redefining \ldots on input line 495.
LaTeX Info: Redefining \dots on input line 498.
LaTeX Info: Redefining \cdots on input line 619.
\Mathstrutbox@=\box53
\strutbox@=\box54
LaTeX Info: Redefining \big on input line 721.
LaTeX Info: Redefining \Big on input line 722.
LaTeX Info: Redefining \bigg on input line 723.
LaTeX Info: Redefining \Bigg on input line 724.
\big@size=\dimen162
LaTeX Font Info:    Redeclaring font encoding OML on input line 742.
LaTeX Font Info:    Redeclaring font encoding OMS on input line 743.
\macc@depth=\count302
LaTeX Info: Redefining \bmod on input line 904.
LaTeX Info: Redefining \pmod on input line 909.
LaTeX Info: Redefining \smash on input line 939.
LaTeX Info: Redefining \relbar on input line 969.
LaTeX Info: Redefining \Relbar on input line 970.
\c@MaxMatrixCols=\count303
\dotsspace@=\muskip17
\c@parentequation=\count304
\dspbrk@lvl=\count305
\tag@help=\toks21
\row@=\count306
\column@=\count307
\maxfields@=\count308
\andhelp@=\toks22
\eqnshift@=\dimen163
\alignsep@=\dimen164
\tagshift@=\dimen165
\tagwidth@=\dimen166
\totwidth@=\dimen167
\lineht@=\dimen168
\@envbody=\toks23
\multlinegap=\skip52
\multlinetaggap=\skip53
\mathdisplay@stack=\toks24
LaTeX Info: Redefining \[ on input line 2949.
LaTeX Info: Redefining \] on input line 2950.
)
(C:/Users/david.navarro/AppData/Local/Programs/MiKTeX/tex/latex/amsfonts/amssym
b.sty
Package: amssymb 2013/01/14 v3.01 AMS font symbols
)
(C:/Users/david.navarro/AppData/Local/Programs/MiKTeX/tex/latex/amscls/amsthm.s
ty
Package: amsthm 2020/05/29 v2.20.6
\thm@style=\toks25
\thm@bodyfont=\toks26
\thm@headfont=\toks27
\thm@notefont=\toks28
\thm@headpunct=\toks29
\thm@preskip=\skip54
\thm@postskip=\skip55
\thm@headsep=\skip56
\dth@everypar=\toks30
)
(C:/Users/david.navarro/AppData/Local/Programs/MiKTeX/tex/latex/mathtools/matht
ools.sty
Package: mathtools 2024/10/04 v1.31 mathematical typesetting tools

(C:/Users/david.navarro/AppData/Local/Programs/MiKTeX/tex/latex/tools/calc.sty
Package: calc 2025/03/01 v4.3b Infix arithmetic (KKT,FJ)
\calc@Acount=\count309
\calc@Bcount=\count310
\calc@Adimen=\dimen169
\calc@Bdimen=\dimen170
\calc@Askip=\skip57
\calc@Bskip=\skip58
LaTeX Info: Redefining \setlength on input line 86.
LaTeX Info: Redefining \addtolength on input line 87.
\calc@Ccount=\count311
\calc@Cskip=\skip59
)
(C:/Users/david.navarro/AppData/Local/Programs/MiKTeX/tex/latex/mathtools/mhset
up.sty
Package: mhsetup 2021/03/18 v1.4 programming setup (MH)
)
\g_MT_multlinerow_int=\count312
\l_MT_multwidth_dim=\dimen171
\origjot=\skip60
\l_MT_shortvdotswithinadjustabove_dim=\dimen172
\l_MT_shortvdotswithinadjustbelow_dim=\dimen173
\l_MT_above_intertext_sep=\dimen174
\l_MT_below_intertext_sep=\dimen175
\l_MT_above_shortintertext_sep=\dimen176
\l_MT_below_shortintertext_sep=\dimen177
\xmathstrut@box=\box55
\xmathstrut@dim=\dimen178
)
(C:/Users/david.navarro/AppData/Local/Programs/MiKTeX/tex/latex/cancel/cancel.s
ty
Package: cancel 2013/04/12 v2.2 Cancel math terms
)
(C:/Users/david.navarro/AppData/Local/Programs/MiKTeX/tex/latex/lastpage/lastpa
ge.sty
Package: lastpage 2025/06/06 v2.1g lastpage: 2.09 or 2e? (HMM)

(C:/Users/david.navarro/AppData/Local/Programs/MiKTeX/tex/latex/lastpage/lastpa
ge2e.sty
Package: lastpage2e 2025/06/06 v2.1g Decide which 2e lastpage version to use (H
MM)

(C:/Users/david.navarro/AppData/Local/Programs/MiKTeX/tex/latex/lastpage/lastpa
gemodern.sty
Package: lastpagemodern 2025-06-06 v2.1g Refers to last page's name (HMM; JPG)
\c@lastpagecount=\count313
) 
))
(C:/Users/david.navarro/AppData/Local/Programs/MiKTeX/tex/latex/tools/indentfir
st.sty
Package: indentfirst 2023/07/02 v1.03 Indent first paragraph (DPC)
)
(C:/Users/david.navarro/AppData/Local/Programs/MiKTeX/tex/latex/parskip/parskip
.sty
Package: parskip 2021-03-14 v2.0h non-zero parskip adjustments

(C:/Users/david.navarro/AppData/Local/Programs/MiKTeX/tex/latex/kvoptions/kvopt
ions.sty
Package: kvoptions 2022-06-15 v3.15 Key value format for package options (HO)

(C:/Users/david.navarro/AppData/Local/Programs/MiKTeX/tex/generic/ltxcmds/ltxcm
ds.sty
Package: ltxcmds 2023-12-04 v1.26 LaTeX kernel commands for general use (HO)
)
(C:/Users/david.navarro/AppData/Local/Programs/MiKTeX/tex/latex/kvsetkeys/kvset
keys.sty
Package: kvsetkeys 2022-10-05 v1.19 Key value parser (HO)
))
(C:/Users/david.navarro/AppData/Local/Programs/MiKTeX/tex/latex/etoolbox/etoolb
ox.sty
Package: etoolbox 2025/02/11 v2.5l e-TeX tools for LaTeX (JAW)
\etb@tempcnta=\count314
))
(C:/Users/david.navarro/AppData/Local/Programs/MiKTeX/tex/latex/graphics/color.
sty
Package: color 2025/01/14 v1.3e Standard LaTeX Color (DPC)

(C:/Users/david.navarro/AppData/Local/Programs/MiKTeX/tex/latex/graphics-cfg/co
lor.cfg
File: color.cfg 2016/01/02 v1.6 sample color configuration
)
Package color Info: Driver file: luatex.def on input line 149.

(C:/Users/david.navarro/AppData/Local/Programs/MiKTeX/tex/latex/graphics-def/lu
atex.def
File: luatex.def 2024/04/13 v1.2e Graphics/color driver for luatex
)
(C:/Users/david.navarro/AppData/Local/Programs/MiKTeX/tex/latex/graphics/mathco
lor.ltx))
(C:/Users/david.navarro/AppData/Local/Programs/MiKTeX/tex/latex/xcolor/xcolor.s
ty
Package: xcolor 2024/09/29 v3.02 LaTeX color extensions (UK)

(C:/Users/david.navarro/AppData/Local/Programs/MiKTeX/tex/latex/graphics-cfg/co
lor.cfg
File: color.cfg 2016/01/02 v1.6 sample color configuration
)
Package xcolor Info: Driver file: luatex.def on input line 274.
LaTeX Info: Redefining \color on input line 762.

(C:/Users/david.navarro/AppData/Local/Programs/MiKTeX/tex/latex/graphics/mathco
lor.ltx)
Package xcolor Info: Model `cmy' substituted by `cmy0' on input line 1349.
Package xcolor Info: Model `hsb' substituted by `rgb' on input line 1353.
Package xcolor Info: Model `RGB' extended on input line 1365.
Package xcolor Info: Model `HTML' substituted by `rgb' on input line 1367.
Package xcolor Info: Model `Hsb' substituted by `hsb' on input line 1368.
Package xcolor Info: Model `tHsb' substituted by `hsb' on input line 1369.
Package xcolor Info: Model `HSB' substituted by `hsb' on input line 1370.
Package xcolor Info: Model `Gray' substituted by `gray' on input line 1371.
Package xcolor Info: Model `wave' substituted by `hsb' on input line 1372.
)
(C:/Users/david.navarro/AppData/Local/Programs/MiKTeX/tex/latex/graphics/graphi
cx.sty
Package: graphicx 2024/12/31 v1.2e Enhanced LaTeX Graphics (DPC,SPQR)

(C:/Users/david.navarro/AppData/Local/Programs/MiKTeX/tex/latex/graphics/graphi
cs.sty
Package: graphics 2024/08/06 v1.4g Standard LaTeX Graphics (DPC,SPQR)

(C:/Users/david.navarro/AppData/Local/Programs/MiKTeX/tex/latex/graphics/trig.s
ty
Package: trig 2023/12/02 v1.11 sin cos tan (DPC)
)
(C:/Users/david.navarro/AppData/Local/Programs/MiKTeX/tex/latex/graphics-cfg/gr
aphics.cfg
File: graphics.cfg 2016/06/04 v1.11 sample graphics configuration
)
Package graphics Info: Driver file: luatex.def on input line 106.
)
\Gin@req@height=\dimen179
\Gin@req@width=\dimen180
)
(C:/Users/david.navarro/AppData/Local/Programs/MiKTeX/tex/latex/microtype/micro
type.sty
Package: microtype 2025/02/11 v3.2a Micro-typographical refinements (RS)
\MT@toks=\toks31
\MT@tempbox=\box56
\MT@count=\count315
LaTeX Info: Redefining \noprotrusionifhmode on input line 1087.
LaTeX Info: Redefining \leftprotrusion on input line 1088.
\MT@prot@toks=\toks32
LaTeX Info: Redefining \rightprotrusion on input line 1107.
LaTeX Info: Redefining \textls on input line 1449.
\MT@outer@kern=\dimen181
LaTeX Info: Redefining \microtypecontext on input line 2053.
LaTeX Info: Redefining \textmicrotypecontext on input line 2070.
\MT@listname@count=\count316

(C:/Users/david.navarro/AppData/Local/Programs/MiKTeX/tex/latex/microtype/micro
type-luatex.def
File: microtype-luatex.def 2025/02/11 v3.2a Definitions specific to luatex (RS)

Lua module: microtype 2025/02/11 v3.2a microtype module.
Module microtype Info: overwriting function `keepligature' on input line 63
LaTeX Info: Redefining \lsstyle on input line 779.
LaTeX Info: Redefining \lslig on input line 779.
\MT@outer@space=\skip61
)
Package microtype Info: Loading configuration file microtype.cfg.

(C:/Users/david.navarro/AppData/Local/Programs/MiKTeX/tex/latex/microtype/micro
type.cfg
File: microtype.cfg 2025/02/11 v3.2a microtype main configuration file (RS)
)
LaTeX Info: Redefining \microtypesetup on input line 3065.
)
(C:/Users/david.navarro/AppData/Local/Programs/MiKTeX/tex/latex/pgf/frontendlay
er/tikz.sty
(C:/Users/david.navarro/AppData/Local/Programs/MiKTeX/tex/latex/pgf/basiclayer/
pgf.sty
(C:/Users/david.navarro/AppData/Local/Programs/MiKTeX/tex/latex/pgf/utilities/p
gfrcs.sty
(C:/Users/david.navarro/AppData/Local/Programs/MiKTeX/tex/generic/pgf/utilities
/pgfutil-common.tex
\pgfutil@everybye=\toks33
\pgfutil@tempdima=\dimen182
\pgfutil@tempdimb=\dimen183
)
(C:/Users/david.navarro/AppData/Local/Programs/MiKTeX/tex/generic/pgf/utilities
/pgfutil-latex.def
\pgfutil@abb=\box57
)
(C:/Users/david.navarro/AppData/Local/Programs/MiKTeX/tex/generic/pgf/utilities
/pgfrcs.code.tex
(C:/Users/david.navarro/AppData/Local/Programs/MiKTeX/tex/generic/pgf/pgf.revis
ion.tex)
Package: pgfrcs 2023-01-15 v3.1.10 (3.1.10)
))
Package: pgf 2023-01-15 v3.1.10 (3.1.10)

(C:/Users/david.navarro/AppData/Local/Programs/MiKTeX/tex/latex/pgf/basiclayer/
pgfcore.sty
(C:/Users/david.navarro/AppData/Local/Programs/MiKTeX/tex/latex/pgf/systemlayer
/pgfsys.sty
(C:/Users/david.navarro/AppData/Local/Programs/MiKTeX/tex/generic/pgf/systemlay
er/pgfsys.code.tex
Package: pgfsys 2023-01-15 v3.1.10 (3.1.10)

(C:/Users/david.navarro/AppData/Local/Programs/MiKTeX/tex/generic/pgf/utilities
/pgfkeys.code.tex
\pgfkeys@pathtoks=\toks34
\pgfkeys@temptoks=\toks35

(C:/Users/david.navarro/AppData/Local/Programs/MiKTeX/tex/generic/pgf/utilities
/pgfkeyslibraryfiltered.code.tex
\pgfkeys@tmptoks=\toks36
))
\pgf@x=\dimen184
\pgf@y=\dimen185
\pgf@xa=\dimen186
\pgf@ya=\dimen187
\pgf@xb=\dimen188
\pgf@yb=\dimen189
\pgf@xc=\dimen190
\pgf@yc=\dimen191
\pgf@xd=\dimen192
\pgf@yd=\dimen193
\w@pgf@writea=\write3
\r@pgf@reada=\read3
\c@pgf@counta=\count317
\c@pgf@countb=\count318
\c@pgf@countc=\count319
\c@pgf@countd=\count320
\t@pgf@toka=\toks37
\t@pgf@tokb=\toks38
\t@pgf@tokc=\toks39
\pgf@sys@id@count=\count321

(C:/Users/david.navarro/AppData/Local/Programs/MiKTeX/tex/generic/pgf/systemlay
er/pgf.cfg
File: pgf.cfg 2023-01-15 v3.1.10 (3.1.10)
)
Driver file for pgf: pgfsys-luatex.def

(C:/Users/david.navarro/AppData/Local/Programs/MiKTeX/tex/generic/pgf/systemlay
er/pgfsys-luatex.def
File: pgfsys-luatex.def 2023-01-15 v3.1.10 (3.1.10)

(C:/Users/david.navarro/AppData/Local/Programs/MiKTeX/tex/generic/pgf/systemlay
er/pgfsys-common-pdf.def
File: pgfsys-common-pdf.def 2023-01-15 v3.1.10 (3.1.10)
)))
(C:/Users/david.navarro/AppData/Local/Programs/MiKTeX/tex/generic/pgf/systemlay
er/pgfsyssoftpath.code.tex
File: pgfsyssoftpath.code.tex 2023-01-15 v3.1.10 (3.1.10)
\pgfsyssoftpath@smallbuffer@items=\count322
\pgfsyssoftpath@bigbuffer@items=\count323
)
(C:/Users/david.navarro/AppData/Local/Programs/MiKTeX/tex/generic/pgf/systemlay
er/pgfsysprotocol.code.tex
File: pgfsysprotocol.code.tex 2023-01-15 v3.1.10 (3.1.10)
))
(C:/Users/david.navarro/AppData/Local/Programs/MiKTeX/tex/generic/pgf/basiclaye
r/pgfcore.code.tex
Package: pgfcore 2023-01-15 v3.1.10 (3.1.10)

(C:/Users/david.navarro/AppData/Local/Programs/MiKTeX/tex/generic/pgf/math/pgfm
ath.code.tex
(C:/Users/david.navarro/AppData/Local/Programs/MiKTeX/tex/generic/pgf/math/pgfm
athutil.code.tex)
(C:/Users/david.navarro/AppData/Local/Programs/MiKTeX/tex/generic/pgf/math/pgfm
athparser.code.tex
\pgfmath@dimen=\dimen194
\pgfmath@count=\count324
\pgfmath@box=\box58
\pgfmath@toks=\toks40
\pgfmath@stack@operand=\toks41
\pgfmath@stack@operation=\toks42
)
(C:/Users/david.navarro/AppData/Local/Programs/MiKTeX/tex/generic/pgf/math/pgfm
athfunctions.code.tex)
(C:/Users/david.navarro/AppData/Local/Programs/MiKTeX/tex/generic/pgf/math/pgfm
athfunctions.basic.code.tex)
(C:/Users/david.navarro/AppData/Local/Programs/MiKTeX/tex/generic/pgf/math/pgfm
athfunctions.trigonometric.code.tex)
(C:/Users/david.navarro/AppData/Local/Programs/MiKTeX/tex/generic/pgf/math/pgfm
athfunctions.random.code.tex)
(C:/Users/david.navarro/AppData/Local/Programs/MiKTeX/tex/generic/pgf/math/pgfm
athfunctions.comparison.code.tex)
(C:/Users/david.navarro/AppData/Local/Programs/MiKTeX/tex/generic/pgf/math/pgfm
athfunctions.base.code.tex)
(C:/Users/david.navarro/AppData/Local/Programs/MiKTeX/tex/generic/pgf/math/pgfm
athfunctions.round.code.tex)
(C:/Users/david.navarro/AppData/Local/Programs/MiKTeX/tex/generic/pgf/math/pgfm
athfunctions.misc.code.tex)
(C:/Users/david.navarro/AppData/Local/Programs/MiKTeX/tex/generic/pgf/math/pgfm
athfunctions.integerarithmetics.code.tex)
(C:/Users/david.navarro/AppData/Local/Programs/MiKTeX/tex/generic/pgf/math/pgfm
athcalc.code.tex)
(C:/Users/david.navarro/AppData/Local/Programs/MiKTeX/tex/generic/pgf/math/pgfm
athfloat.code.tex
\c@pgfmathroundto@lastzeros=\count325
))
(C:/Users/david.navarro/AppData/Local/Programs/MiKTeX/tex/generic/pgf/math/pgfi
nt.code.tex)
(C:/Users/david.navarro/AppData/Local/Programs/MiKTeX/tex/generic/pgf/basiclaye
r/pgfcorepoints.code.tex
File: pgfcorepoints.code.tex 2023-01-15 v3.1.10 (3.1.10)
\pgf@picminx=\dimen195
\pgf@picmaxx=\dimen196
\pgf@picminy=\dimen197
\pgf@picmaxy=\dimen198
\pgf@pathminx=\dimen199
\pgf@pathmaxx=\dimen256
\pgf@pathminy=\dimen257
\pgf@pathmaxy=\dimen258
\pgf@xx=\dimen259
\pgf@xy=\dimen260
\pgf@yx=\dimen261
\pgf@yy=\dimen262
\pgf@zx=\dimen263
\pgf@zy=\dimen264
)
(C:/Users/david.navarro/AppData/Local/Programs/MiKTeX/tex/generic/pgf/basiclaye
r/pgfcorepathconstruct.code.tex
File: pgfcorepathconstruct.code.tex 2023-01-15 v3.1.10 (3.1.10)
\pgf@path@lastx=\dimen265
\pgf@path@lasty=\dimen266
)
(C:/Users/david.navarro/AppData/Local/Programs/MiKTeX/tex/generic/pgf/basiclaye
r/pgfcorepathusage.code.tex
File: pgfcorepathusage.code.tex 2023-01-15 v3.1.10 (3.1.10)
\pgf@shorten@end@additional=\dimen267
\pgf@shorten@start@additional=\dimen268
)
(C:/Users/david.navarro/AppData/Local/Programs/MiKTeX/tex/generic/pgf/basiclaye
r/pgfcorescopes.code.tex
File: pgfcorescopes.code.tex 2023-01-15 v3.1.10 (3.1.10)
\pgfpic=\box59
\pgf@hbox=\box60
\pgf@layerbox@main=\box61
\pgf@picture@serial@count=\count326
)
(C:/Users/david.navarro/AppData/Local/Programs/MiKTeX/tex/generic/pgf/basiclaye
r/pgfcoregraphicstate.code.tex
File: pgfcoregraphicstate.code.tex 2023-01-15 v3.1.10 (3.1.10)
\pgflinewidth=\dimen269
)
(C:/Users/david.navarro/AppData/Local/Programs/MiKTeX/tex/generic/pgf/basiclaye
r/pgfcoretransformations.code.tex
File: pgfcoretransformations.code.tex 2023-01-15 v3.1.10 (3.1.10)
\pgf@pt@x=\dimen270
\pgf@pt@y=\dimen271
\pgf@pt@temp=\dimen272
)
(C:/Users/david.navarro/AppData/Local/Programs/MiKTeX/tex/generic/pgf/basiclaye
r/pgfcorequick.code.tex
File: pgfcorequick.code.tex 2023-01-15 v3.1.10 (3.1.10)
)
(C:/Users/david.navarro/AppData/Local/Programs/MiKTeX/tex/generic/pgf/basiclaye
r/pgfcoreobjects.code.tex
File: pgfcoreobjects.code.tex 2023-01-15 v3.1.10 (3.1.10)
)
(C:/Users/david.navarro/AppData/Local/Programs/MiKTeX/tex/generic/pgf/basiclaye
r/pgfcorepathprocessing.code.tex
File: pgfcorepathprocessing.code.tex 2023-01-15 v3.1.10 (3.1.10)
)
(C:/Users/david.navarro/AppData/Local/Programs/MiKTeX/tex/generic/pgf/basiclaye
r/pgfcorearrows.code.tex
File: pgfcorearrows.code.tex 2023-01-15 v3.1.10 (3.1.10)
\pgfarrowsep=\dimen273
)
(C:/Users/david.navarro/AppData/Local/Programs/MiKTeX/tex/generic/pgf/basiclaye
r/pgfcoreshade.code.tex
File: pgfcoreshade.code.tex 2023-01-15 v3.1.10 (3.1.10)
\pgf@max=\dimen274
\pgf@sys@shading@range@num=\count327
\pgf@shadingcount=\count328
)
(C:/Users/david.navarro/AppData/Local/Programs/MiKTeX/tex/generic/pgf/basiclaye
r/pgfcoreimage.code.tex
File: pgfcoreimage.code.tex 2023-01-15 v3.1.10 (3.1.10)
)
(C:/Users/david.navarro/AppData/Local/Programs/MiKTeX/tex/generic/pgf/basiclaye
r/pgfcoreexternal.code.tex
File: pgfcoreexternal.code.tex 2023-01-15 v3.1.10 (3.1.10)
\pgfexternal@startupbox=\box62
)
(C:/Users/david.navarro/AppData/Local/Programs/MiKTeX/tex/generic/pgf/basiclaye
r/pgfcorelayers.code.tex
File: pgfcorelayers.code.tex 2023-01-15 v3.1.10 (3.1.10)
)
(C:/Users/david.navarro/AppData/Local/Programs/MiKTeX/tex/generic/pgf/basiclaye
r/pgfcoretransparency.code.tex
File: pgfcoretransparency.code.tex 2023-01-15 v3.1.10 (3.1.10)
)
(C:/Users/david.navarro/AppData/Local/Programs/MiKTeX/tex/generic/pgf/basiclaye
r/pgfcorepatterns.code.tex
File: pgfcorepatterns.code.tex 2023-01-15 v3.1.10 (3.1.10)
)
(C:/Users/david.navarro/AppData/Local/Programs/MiKTeX/tex/generic/pgf/basiclaye
r/pgfcorerdf.code.tex
File: pgfcorerdf.code.tex 2023-01-15 v3.1.10 (3.1.10)
)))
(C:/Users/david.navarro/AppData/Local/Programs/MiKTeX/tex/generic/pgf/modules/p
gfmoduleshapes.code.tex
File: pgfmoduleshapes.code.tex 2023-01-15 v3.1.10 (3.1.10)
\pgfnodeparttextbox=\box63
)
(C:/Users/david.navarro/AppData/Local/Programs/MiKTeX/tex/generic/pgf/modules/p
gfmoduleplot.code.tex
File: pgfmoduleplot.code.tex 2023-01-15 v3.1.10 (3.1.10)
)
(C:/Users/david.navarro/AppData/Local/Programs/MiKTeX/tex/latex/pgf/compatibili
ty/pgfcomp-version-0-65.sty
Package: pgfcomp-version-0-65 2023-01-15 v3.1.10 (3.1.10)
\pgf@nodesepstart=\dimen275
\pgf@nodesepend=\dimen276
)
(C:/Users/david.navarro/AppData/Local/Programs/MiKTeX/tex/latex/pgf/compatibili
ty/pgfcomp-version-1-18.sty
Package: pgfcomp-version-1-18 2023-01-15 v3.1.10 (3.1.10)
))
(C:/Users/david.navarro/AppData/Local/Programs/MiKTeX/tex/latex/pgf/utilities/p
gffor.sty
(C:/Users/david.navarro/AppData/Local/Programs/MiKTeX/tex/latex/pgf/utilities/p
gfkeys.sty
(C:/Users/david.navarro/AppData/Local/Programs/MiKTeX/tex/generic/pgf/utilities
/pgfkeys.code.tex))
(C:/Users/david.navarro/AppData/Local/Programs/MiKTeX/tex/latex/pgf/math/pgfmat
h.sty
(C:/Users/david.navarro/AppData/Local/Programs/MiKTeX/tex/generic/pgf/math/pgfm
ath.code.tex))
(C:/Users/david.navarro/AppData/Local/Programs/MiKTeX/tex/generic/pgf/utilities
/pgffor.code.tex
Package: pgffor 2023-01-15 v3.1.10 (3.1.10)
\pgffor@iter=\dimen277
\pgffor@skip=\dimen278
\pgffor@stack=\toks43
\pgffor@toks=\toks44
))
(C:/Users/david.navarro/AppData/Local/Programs/MiKTeX/tex/generic/pgf/frontendl
ayer/tikz/tikz.code.tex
Package: tikz 2023-01-15 v3.1.10 (3.1.10)

(C:/Users/david.navarro/AppData/Local/Programs/MiKTeX/tex/generic/pgf/libraries
/pgflibraryplothandlers.code.tex
File: pgflibraryplothandlers.code.tex 2023-01-15 v3.1.10 (3.1.10)
\pgf@plot@mark@count=\count329
\pgfplotmarksize=\dimen279
)
\tikz@lastx=\dimen280
\tikz@lasty=\dimen281
\tikz@lastxsaved=\dimen282
\tikz@lastysaved=\dimen283
\tikz@lastmovetox=\dimen284
\tikz@lastmovetoy=\dimen285
\tikzleveldistance=\dimen286
\tikzsiblingdistance=\dimen287
\tikz@figbox=\box64
\tikz@figbox@bg=\box65
\tikz@tempbox=\box66
\tikz@tempbox@bg=\box67
\tikztreelevel=\count330
\tikznumberofchildren=\count331
\tikznumberofcurrentchild=\count332
\tikz@fig@count=\count333

(C:/Users/david.navarro/AppData/Local/Programs/MiKTeX/tex/generic/pgf/modules/p
gfmodulematrix.code.tex
File: pgfmodulematrix.code.tex 2023-01-15 v3.1.10 (3.1.10)
\pgfmatrixcurrentrow=\count334
\pgfmatrixcurrentcolumn=\count335
\pgf@matrix@numberofcolumns=\count336
)
\tikz@expandcount=\count337

(C:/Users/david.navarro/AppData/Local/Programs/MiKTeX/tex/generic/pgf/frontendl
ayer/tikz/libraries/tikzlibrarytopaths.code.tex
File: tikzlibrarytopaths.code.tex 2023-01-15 v3.1.10 (3.1.10)
)))
(C:/Users/david.navarro/AppData/Local/Programs/MiKTeX/tex/latex/tools/tabularx.
sty
Package: tabularx 2023/12/11 v2.12a `tabularx' package (DPC)

(C:/Users/david.navarro/AppData/Local/Programs/MiKTeX/tex/latex/tools/array.sty
Package: array 2025/06/08 v2.6j Tabular extension package (FMi)
\col@sep=\dimen288
\ar@mcellbox=\box68
\extrarowheight=\dimen289
\NC@list=\toks45
\extratabsurround=\skip62
\backup@length=\skip63
\ar@cellbox=\box69
)
\TX@col@width=\dimen290
\TX@old@table=\dimen291
\TX@old@col=\dimen292
\TX@target=\dimen293
\TX@delta=\dimen294
\TX@cols=\count338
\TX@ftn=\toks46
)
(C:/Users/david.navarro/AppData/Local/Programs/MiKTeX/tex/latex/pgfplots/pgfplo
ts.sty
(C:/Users/david.navarro/AppData/Local/Programs/MiKTeX/tex/generic/pgfplots/pgfp
lots.revision.tex)
Package: pgfplots 2021/05/15 v1.18.1 Data Visualization (1.18.1)

(C:/Users/david.navarro/AppData/Local/Programs/MiKTeX/tex/generic/pgfplots/pgfp
lots.code.tex
(C:/Users/david.navarro/AppData/Local/Programs/MiKTeX/tex/generic/pgfplots/pgfp
lotscore.code.tex
Package pgfplots info on input line 124: Initializing with LUA version Lua 5.3
\pgfplots@luabackend@table=\catcodetable16
\t@pgfplots@toka=\toks47
\t@pgfplots@tokb=\toks48
\t@pgfplots@tokc=\toks49
\pgfplots@tmpa=\dimen295
\c@pgfplots@coordindex=\count339
\c@pgfplots@scanlineindex=\count340

(C:/Users/david.navarro/AppData/Local/Programs/MiKTeX/tex/generic/pgfplots/sys/
pgfplotssysgeneric.code.tex))
(C:/Users/david.navarro/AppData/Local/Programs/MiKTeX/tex/generic/pgfplots/libs
/pgfplotslibrary.code.tex)
(C:/Users/david.navarro/AppData/Local/Programs/MiKTeX/tex/generic/pgfplots/oldp
gfcompatib/pgfplotsoldpgfsupp_loader.code.tex
(C:/Users/david.navarro/AppData/Local/Programs/MiKTeX/tex/generic/pgf/libraries
/pgflibraryfpu.code.tex)
Package pgfplots: loading complementary utilities for your pgf version...
\t@pgf@toka=\toks50
\t@pgf@tokb=\toks51
\t@pgf@tokc=\toks52

(C:/Users/david.navarro/AppData/Local/Programs/MiKTeX/tex/generic/pgfplots/oldp
gfcompatib/pgfplotsoldpgfsupp_pgfutil-common-lists.tex)
(C:/Users/david.navarro/AppData/Local/Programs/MiKTeX/tex/generic/pgf/libraries
/luamath/pgflibraryluamath.code.tex)
Package pgfplots info on input line 290: luamath library shipped with pgf 3.1.1
0 is up-to-date
)
(C:/Users/david.navarro/AppData/Local/Programs/MiKTeX/tex/generic/pgfplots/util
/pgfplotsutil.code.tex
Package pgfplots info on input line 82: Found new luatex: initializing lua comm
ands instead of write18 (shell-escape)

(C:/Users/david.navarro/AppData/Local/Programs/MiKTeX/tex/generic/pgfplots/list
structure/pgfplotsliststructure.code.tex)
(C:/Users/david.navarro/AppData/Local/Programs/MiKTeX/tex/generic/pgfplots/list
structure/pgfplotsliststructureext.code.tex)
(C:/Users/david.navarro/AppData/Local/Programs/MiKTeX/tex/generic/pgfplots/list
structure/pgfplotsarray.code.tex
\c@pgfplotsarray@tmp=\count341
)
(C:/Users/david.navarro/AppData/Local/Programs/MiKTeX/tex/generic/pgfplots/list
structure/pgfplotsmatrix.code.tex)
(C:/Users/david.navarro/AppData/Local/Programs/MiKTeX/tex/generic/pgfplots/numt
able/pgfplotstableshared.code.tex
\c@pgfplotstable@counta=\count342
\t@pgfplotstable@a=\toks53
)
(C:/Users/david.navarro/AppData/Local/Programs/MiKTeX/tex/generic/pgfplots/list
structure/pgfplotsdeque.code.tex)
(C:/Users/david.navarro/AppData/Local/Programs/MiKTeX/tex/generic/pgfplots/util
/pgfplotsbinary.code.tex
(C:/Users/david.navarro/AppData/Local/Programs/MiKTeX/tex/generic/pgfplots/util
/pgfplotsbinary.data.code.tex))
(C:/Users/david.navarro/AppData/Local/Programs/MiKTeX/tex/generic/pgfplots/util
/pgfplotsutil.verb.code.tex)
(C:/Users/david.navarro/AppData/Local/Programs/MiKTeX/tex/generic/pgfplots/libs
/pgflibrarypgfplots.surfshading.code.tex
\c@pgfplotslibrarysurf@no=\count343

(C:/Users/david.navarro/AppData/Local/Programs/MiKTeX/tex/generic/pgfplots/sys/
pgflibrarypgfplots.surfshading.pgfsys-luatex.def)))
(C:/Users/david.navarro/AppData/Local/Programs/MiKTeX/tex/generic/pgfplots/util
/pgfplotscolormap.code.tex
(C:/Users/david.navarro/AppData/Local/Programs/MiKTeX/tex/generic/pgfplots/util
/pgfplotscolor.code.tex))
(C:/Users/david.navarro/AppData/Local/Programs/MiKTeX/tex/generic/pgfplots/pgfp
lotsstackedplots.code.tex)
(C:/Users/david.navarro/AppData/Local/Programs/MiKTeX/tex/generic/pgfplots/pgfp
lotsplothandlers.code.tex
(C:/Users/david.navarro/AppData/Local/Programs/MiKTeX/tex/generic/pgfplots/pgfp
lotsmeshplothandler.code.tex
(C:/Users/david.navarro/AppData/Local/Programs/MiKTeX/tex/generic/pgfplots/pgfp
lotsmeshplotimage.code.tex)))
(C:/Users/david.navarro/AppData/Local/Programs/MiKTeX/tex/generic/pgfplots/pgfp
lots.scaling.code.tex)
(C:/Users/david.navarro/AppData/Local/Programs/MiKTeX/tex/generic/pgfplots/pgfp
lotscoordprocessing.code.tex)
(C:/Users/david.navarro/AppData/Local/Programs/MiKTeX/tex/generic/pgfplots/pgfp
lots.errorbars.code.tex)
(C:/Users/david.navarro/AppData/Local/Programs/MiKTeX/tex/generic/pgfplots/pgfp
lots.markers.code.tex)
(C:/Users/david.navarro/AppData/Local/Programs/MiKTeX/tex/generic/pgfplots/pgfp
lotsticks.code.tex)
(C:/Users/david.navarro/AppData/Local/Programs/MiKTeX/tex/generic/pgfplots/pgfp
lots.paths.code.tex)
(C:/Users/david.navarro/AppData/Local/Programs/MiKTeX/tex/generic/pgf/frontendl
ayer/tikz/libraries/tikzlibrarydecorations.code.tex
(C:/Users/david.navarro/AppData/Local/Programs/MiKTeX/tex/generic/pgf/modules/p
gfmoduledecorations.code.tex
\pgfdecoratedcompleteddistance=\dimen296
\pgfdecoratedremainingdistance=\dimen297
\pgfdecoratedinputsegmentcompleteddistance=\dimen298
\pgfdecoratedinputsegmentremainingdistance=\dimen299
\pgf@decorate@distancetomove=\dimen300
\pgf@decorate@repeatstate=\count344
\pgfdecorationsegmentamplitude=\dimen301
\pgfdecorationsegmentlength=\dimen302
)
\tikz@lib@dec@box=\box70
)
(C:/Users/david.navarro/AppData/Local/Programs/MiKTeX/tex/generic/pgf/frontendl
ayer/tikz/libraries/tikzlibrarydecorations.pathmorphing.code.tex
(C:/Users/david.navarro/AppData/Local/Programs/MiKTeX/tex/generic/pgf/libraries
/decorations/pgflibrarydecorations.pathmorphing.code.tex))
(C:/Users/david.navarro/AppData/Local/Programs/MiKTeX/tex/generic/pgf/frontendl
ayer/tikz/libraries/tikzlibrarydecorations.pathreplacing.code.tex
(C:/Users/david.navarro/AppData/Local/Programs/MiKTeX/tex/generic/pgf/libraries
/decorations/pgflibrarydecorations.pathreplacing.code.tex))
(C:/Users/david.navarro/AppData/Local/Programs/MiKTeX/tex/generic/pgfplots/libs
/tikzlibrarypgfplots.contourlua.code.tex)
\pgfplots@numplots=\count345
\pgfplots@xmin@reg=\dimen303
\pgfplots@xmax@reg=\dimen304
\pgfplots@ymin@reg=\dimen305
\pgfplots@ymax@reg=\dimen306
\pgfplots@zmin@reg=\dimen307
\pgfplots@zmax@reg=\dimen308
)
(C:/Users/david.navarro/AppData/Local/Programs/MiKTeX/tex/generic/pgf/frontendl
ayer/tikz/libraries/tikzlibraryplotmarks.code.tex
File: tikzlibraryplotmarks.code.tex 2023-01-15 v3.1.10 (3.1.10)

(C:/Users/david.navarro/AppData/Local/Programs/MiKTeX/tex/generic/pgf/libraries
/pgflibraryplotmarks.code.tex
File: pgflibraryplotmarks.code.tex 2023-01-15 v3.1.10 (3.1.10)
)))
(C:/Users/david.navarro/AppData/Local/Programs/MiKTeX/tex/generic/pgf/frontendl
ayer/tikz/libraries/tikzlibraryarrows.code.tex
File: tikzlibraryarrows.code.tex 2023-01-15 v3.1.10 (3.1.10)

(C:/Users/david.navarro/AppData/Local/Programs/MiKTeX/tex/generic/pgf/libraries
/pgflibraryarrows.code.tex
File: pgflibraryarrows.code.tex 2023-01-15 v3.1.10 (3.1.10)
\arrowsize=\dimen309
))
(C:/Users/david.navarro/AppData/Local/Programs/MiKTeX/tex/generic/pgf/frontendl
ayer/tikz/libraries/tikzlibraryintersections.code.tex
(C:/Users/david.navarro/AppData/Local/Programs/MiKTeX/tex/generic/pgf/libraries
/pgflibraryintersections.code.tex
\pgf@intersect@solutions=\count346
))
(C:/Users/david.navarro/AppData/Local/Programs/MiKTeX/tex/generic/pgfplots/libs
/tikzlibrarypgfplots.fillbetween.code.tex
(C:/Users/david.navarro/AppData/Local/Programs/MiKTeX/tex/generic/pgfplots/pgfc
ontrib/tikzlibraryfillbetween.code.tex
(C:/Users/david.navarro/AppData/Local/Programs/MiKTeX/tex/generic/pgfplots/pgfc
ontrib/tikzlibrarydecorations.softclip.code.tex
(C:/Users/david.navarro/AppData/Local/Programs/MiKTeX/tex/generic/pgfplots/pgfc
ontrib/pgflibraryfillbetween.code.tex)))
(C:/Users/david.navarro/AppData/Local/Programs/MiKTeX/tex/generic/pgfplots/libs
/tikzlibrarypgfplots.decorations.softclip.code.tex))
(C:/Users/david.navarro/AppData/Local/Programs/MiKTeX/tex/generic/pgfplots/libs
/tikzlibrarypgfplots.colormaps.code.tex)
(C:/Users/david.navarro/AppData/Local/Programs/MiKTeX/tex/generic/pgfplots/libs
/tikzlibrarypgfplots.groupplots.code.tex
\pgfplots@group@current@plot=\count347
\pgfplots@group@current@row=\count348
\pgfplots@group@current@column=\count349

(C:/Users/david.navarro/AppData/Local/Programs/MiKTeX/tex/generic/pgf/frontendl
ayer/tikz/libraries/tikzlibrarycalc.code.tex
File: tikzlibrarycalc.code.tex 2023-01-15 v3.1.10 (3.1.10)
))
(C:/Users/david.navarro/AppData/Local/Programs/MiKTeX/tex/latex/caption/caption
.sty
Package: caption 2023/08/05 v3.6o Customizing captions (AR)

(C:/Users/david.navarro/AppData/Local/Programs/MiKTeX/tex/latex/caption/caption
3.sty
Package: caption3 2023/07/31 v2.4d caption3 kernel (AR)
\caption@tempdima=\dimen310
\captionmargin=\dimen311
\caption@leftmargin=\dimen312
\caption@rightmargin=\dimen313
\caption@width=\dimen314
\caption@indent=\dimen315
\caption@parindent=\dimen316
\caption@hangindent=\dimen317
Package caption Info: Standard document class detected.
)
\c@caption@flags=\count350
\c@continuedfloat=\count351
)
(C:/Users/david.navarro/AppData/Local/Programs/MiKTeX/tex/latex/caption/subcapt
ion.sty
Package: subcaption 2023/07/28 v1.6b Sub-captions (AR)
Package caption Info: New subtype `subfigure' on input line 238.
\c@subfigure=\count352
Package caption Info: New subtype `subtable' on input line 238.
\c@subtable=\count353
)
(C:/Users/david.navarro/AppData/Local/Programs/MiKTeX/tex/latex/csquotes/csquot
es.sty
Package: csquotes 2024-04-04 v5.2o context-sensitive quotations (JAW)
\csq@reset=\count354
\csq@gtype=\count355
\csq@glevel=\count356
\csq@qlevel=\count357
\csq@maxlvl=\count358
\csq@tshold=\count359
\csq@ltx@everypar=\toks54

(C:/Users/david.navarro/AppData/Local/Programs/MiKTeX/tex/latex/csquotes/csquot
es.def
File: csquotes.def 2024-04-04 v5.2o csquotes generic definitions (JAW)
)
Package csquotes Info: Trying to load configuration file 'csquotes.cfg'...
Package csquotes Info: ... configuration file loaded successfully.

(C:/Users/david.navarro/AppData/Local/Programs/MiKTeX/tex/latex/csquotes/csquot
es.cfg
File: csquotes.cfg 
))
(C:/Users/david.navarro/AppData/Local/Programs/MiKTeX/tex/latex/hyperref/hyperr
ef.sty
Package: hyperref 2025-06-21 v7.01n Hypertext links for LaTeX

(C:/Users/david.navarro/AppData/Local/Programs/MiKTeX/tex/generic/kvdefinekeys/
kvdefinekeys.sty
Package: kvdefinekeys 2019-12-19 v1.6 Define keys (HO)
)
(C:/Users/david.navarro/AppData/Local/Programs/MiKTeX/tex/generic/pdfescape/pdf
escape.sty
Package: pdfescape 2019/12/09 v1.15 Implements pdfTeX's escape features (HO)

(C:/Users/david.navarro/AppData/Local/Programs/MiKTeX/tex/generic/pdftexcmds/pd
ftexcmds.sty
Package: pdftexcmds 2020-06-27 v0.33 Utility functions of pdfTeX for LuaTeX (HO
)

(C:/Users/david.navarro/AppData/Local/Programs/MiKTeX/tex/generic/infwarerr/inf
warerr.sty
Package: infwarerr 2019/12/03 v1.5 Providing info/warning/error messages (HO)
)
Package pdftexcmds Info: \pdf@primitive is available.
Package pdftexcmds Info: \pdf@ifprimitive is available.
Package pdftexcmds Info: \pdfdraftmode found.
\pdftexcmds@toks=\toks55
))
(C:/Users/david.navarro/AppData/Local/Programs/MiKTeX/tex/latex/hycolor/hycolor
.sty
Package: hycolor 2020-01-27 v1.10 Color options for hyperref/bookmark (HO)
)
(C:/Users/david.navarro/AppData/Local/Programs/MiKTeX/tex/latex/hyperref/namere
f.sty
Package: nameref 2025-06-21 v2.57 Cross-referencing by name of section

(C:/Users/david.navarro/AppData/Local/Programs/MiKTeX/tex/latex/refcount/refcou
nt.sty
Package: refcount 2019/12/15 v3.6 Data extraction from label references (HO)
)
(C:/Users/david.navarro/AppData/Local/Programs/MiKTeX/tex/generic/gettitlestrin
g/gettitlestring.sty
Package: gettitlestring 2019/12/15 v1.6 Cleanup title references (HO)
)
\c@section@level=\count360
)
(C:/Users/david.navarro/AppData/Local/Programs/MiKTeX/tex/generic/stringenc/str
ingenc.sty
Package: stringenc 2019/11/29 v1.12 Convert strings between diff. encodings (HO
)
)
\@linkdim=\dimen318
\Hy@linkcounter=\count361
\Hy@pagecounter=\count362

(C:/Users/david.navarro/AppData/Local/Programs/MiKTeX/tex/latex/hyperref/pd1enc
.def
File: pd1enc.def 2025-06-21 v7.01n Hyperref: PDFDocEncoding definition (HO)
)
(C:/Users/david.navarro/AppData/Local/Programs/MiKTeX/tex/generic/intcalc/intca
lc.sty
Package: intcalc 2019/12/15 v1.3 Expandable calculations with integers (HO)
)
\Hy@SavedSpaceFactor=\count363

(C:/Users/david.navarro/AppData/Local/Programs/MiKTeX/tex/latex/hyperref/puenc.
def
File: puenc.def 2025-06-21 v7.01n Hyperref: PDF Unicode definition (HO)
)
Package hyperref Info: Option `colorlinks' set `true' on input line 4052.
Package hyperref Info: Hyper figures OFF on input line 4181.
Package hyperref Info: Link nesting OFF on input line 4186.
Package hyperref Info: Hyper index ON on input line 4189.
Package hyperref Info: Plain pages OFF on input line 4196.
Package hyperref Info: Backreferencing OFF on input line 4201.
Package hyperref Info: Implicit mode ON; LaTeX internals redefined.
Package hyperref Info: Bookmarks ON on input line 4448.
\c@Hy@tempcnt=\count364

(C:/Users/david.navarro/AppData/Local/Programs/MiKTeX/tex/latex/url/url.sty
\Urlmuskip=\muskip18
Package: url 2013/09/16  ver 3.4  Verb mode for urls, etc.
)
LaTeX Info: Redefining \url on input line 4787.
\XeTeXLinkMargin=\dimen319

(C:/Users/david.navarro/AppData/Local/Programs/MiKTeX/tex/generic/bitset/bitset
.sty
Package: bitset 2019/12/09 v1.3 Handle bit-vector datatype (HO)

(C:/Users/david.navarro/AppData/Local/Programs/MiKTeX/tex/generic/bigintcalc/bi
gintcalc.sty
Package: bigintcalc 2019/12/15 v1.5 Expandable calculations on big integers (HO
)
))
\Fld@menulength=\count365
\Field@Width=\dimen320
\Fld@charsize=\dimen321
Package hyperref Info: Hyper figures OFF on input line 6066.
Package hyperref Info: Link nesting OFF on input line 6071.
Package hyperref Info: Hyper index ON on input line 6074.
Package hyperref Info: backreferencing OFF on input line 6081.
Package hyperref Info: Link coloring ON on input line 6084.
Package hyperref Info: Link coloring with OCG OFF on input line 6091.
Package hyperref Info: PDF/A mode OFF on input line 6096.
\Hy@abspage=\count366
\c@Item=\count367
\c@Hfootnote=\count368
)
Package hyperref Info: Driver (autodetected): hluatex.

(C:/Users/david.navarro/AppData/Local/Programs/MiKTeX/tex/latex/hyperref/hluate
x.def
File: hluatex.def 2025-06-21 v7.01n Hyperref driver for luaTeX
\Fld@listcount=\count369
\c@bookmark@seq@number=\count370

(C:/Users/david.navarro/AppData/Local/Programs/MiKTeX/tex/latex/rerunfilecheck/
rerunfilecheck.sty
Package: rerunfilecheck 2025-06-21 v1.11 Rerun checks for auxiliary files (HO)

(C:/Users/david.navarro/AppData/Local/Programs/MiKTeX/tex/generic/uniquecounter
/uniquecounter.sty
Package: uniquecounter 2019/12/15 v1.4 Provide unlimited unique counter (HO)
)
Package uniquecounter Info: New unique counter `rerunfilecheck' on input line 2
84.
)
\Hy@SectionHShift=\skip64
)
(C:/Users/david.navarro/AppData/Local/Programs/MiKTeX/tex/latex/ragged2e/ragged
2e.sty
Package: ragged2e 2023/06/22 v3.6 ragged2e Package
\CenteringLeftskip=\skip65
\RaggedLeftLeftskip=\skip66
\RaggedRightLeftskip=\skip67
\CenteringRightskip=\skip68
\RaggedLeftRightskip=\skip69
\RaggedRightRightskip=\skip70
\CenteringParfillskip=\skip71
\RaggedLeftParfillskip=\skip72
\RaggedRightParfillskip=\skip73
\JustifyingParfillskip=\skip74
\CenteringParindent=\skip75
\RaggedLeftParindent=\skip76
\RaggedRightParindent=\skip77
\JustifyingParindent=\skip78
)
(C:/Users/david.navarro/AppData/Local/Programs/MiKTeX/tex/latex/framed/framed.s
ty
Package: framed 2011/10/22 v 0.96: framed or shaded text with page breaks
\OuterFrameSep=\skip79
\fb@frw=\dimen322
\fb@frh=\dimen323
\FrameRule=\dimen324
\FrameSep=\dimen325
)
(C:/Users/david.navarro/AppData/Local/Programs/MiKTeX/tex/latex/booktabs/bookta
bs.sty
Package: booktabs 2020/01/12 v1.61803398 Publication quality tables
\heavyrulewidth=\dimen326
\lightrulewidth=\dimen327
\cmidrulewidth=\dimen328
\belowrulesep=\dimen329
\belowbottomsep=\dimen330
\aboverulesep=\dimen331
\abovetopsep=\dimen332
\cmidrulesep=\dimen333
\cmidrulekern=\dimen334
\defaultaddspace=\dimen335
\@cmidla=\count371
\@cmidlb=\count372
\@aboverulesep=\dimen336
\@belowrulesep=\dimen337
\@thisruleclass=\count373
\@lastruleclass=\count374
\@thisrulewidth=\dimen338
)
(C:/Users/david.navarro/AppData/Local/Programs/MiKTeX/tex/latex/biblatex/biblat
ex.sty
Package: biblatex 2024/03/21 v3.20 programmable bibliographies (PK/MW)

(C:/Users/david.navarro/AppData/Local/Programs/MiKTeX/tex/latex/logreq/logreq.s
ty
Package: logreq 2010/08/04 v1.0 xml request logger
\lrq@indent=\count375

(C:/Users/david.navarro/AppData/Local/Programs/MiKTeX/tex/latex/logreq/logreq.d
ef
File: logreq.def 2010/08/04 v1.0 logreq spec v1.0
))
(C:/Users/david.navarro/AppData/Local/Programs/MiKTeX/tex/latex/base/ifthen.sty
Package: ifthen 2024/03/16 v1.1e Standard LaTeX ifthen package (DPC)
)
\c@tabx@nest=\count376
\c@listtotal=\count377
\c@listcount=\count378
\c@liststart=\count379
\c@liststop=\count380
\c@citecount=\count381
\c@citetotal=\count382
\c@multicitecount=\count383
\c@multicitetotal=\count384
\c@instcount=\count385
\c@maxnames=\count386
\c@minnames=\count387
\c@maxitems=\count388
\c@minitems=\count389
\c@citecounter=\count390
\c@maxcitecounter=\count391
\c@savedcitecounter=\count392
\c@uniquelist=\count393
\c@uniquename=\count394
\c@refsection=\count395
\c@refsegment=\count396
\c@maxextratitle=\count397
\c@maxextratitleyear=\count398
\c@maxextraname=\count399
\c@maxextradate=\count400
\c@maxextraalpha=\count401
\c@abbrvpenalty=\count402
\c@highnamepenalty=\count403
\c@lownamepenalty=\count404
\c@maxparens=\count405
\c@parenlevel=\count406
\blx@tempcnta=\count407
\blx@tempcntb=\count408
\blx@tempcntc=\count409
\c@blx@maxsection=\count410
\blx@maxsegment@0=\count411
\blx@notetype=\count412
\blx@parenlevel@text=\count413
\blx@parenlevel@foot=\count414
\blx@sectionciteorder@0=\count415
\blx@sectionciteorderinternal@0=\count416
\blx@entrysetcounter=\count417
\blx@biblioinstance=\count418
\labelnumberwidth=\skip80
\labelalphawidth=\skip81
\biblabelsep=\skip82
\bibitemsep=\skip83
\bibnamesep=\skip84
\bibinitsep=\skip85
\bibparsep=\skip86
\bibhang=\skip87
\blx@bcfin=\read4
\blx@bcfout=\write4
\blx@langwohyphens=\language80
\c@mincomprange=\count419
\c@maxcomprange=\count420
\c@mincompwidth=\count421
Package biblatex Info: Trying to load biblatex default data model...
Package biblatex Info: ... file 'blx-dm.def' found.

(C:/Users/david.navarro/AppData/Local/Programs/MiKTeX/tex/latex/biblatex/blx-dm
.def
File: blx-dm.def 2024/03/21 v3.20 biblatex datamodel (PK/MW)
)
Package biblatex Info: Trying to load biblatex custom data model...
Package biblatex Info: ... file 'biblatex-dm.cfg' not found.
\c@afterword=\count422
\c@savedafterword=\count423
\c@annotator=\count424
\c@savedannotator=\count425
\c@author=\count426
\c@savedauthor=\count427
\c@bookauthor=\count428
\c@savedbookauthor=\count429
\c@commentator=\count430
\c@savedcommentator=\count431
\c@editor=\count432
\c@savededitor=\count433
\c@editora=\count434
\c@savededitora=\count435
\c@editorb=\count436
\c@savededitorb=\count437
\c@editorc=\count438
\c@savededitorc=\count439
\c@foreword=\count440
\c@savedforeword=\count441
\c@holder=\count442
\c@savedholder=\count443
\c@introduction=\count444
\c@savedintroduction=\count445
\c@namea=\count446
\c@savednamea=\count447
\c@nameb=\count448
\c@savednameb=\count449
\c@namec=\count450
\c@savednamec=\count451
\c@translator=\count452
\c@savedtranslator=\count453
\c@shortauthor=\count454
\c@savedshortauthor=\count455
\c@shorteditor=\count456
\c@savedshorteditor=\count457
\c@labelname=\count458
\c@savedlabelname=\count459
\c@institution=\count460
\c@savedinstitution=\count461
\c@lista=\count462
\c@savedlista=\count463
\c@listb=\count464
\c@savedlistb=\count465
\c@listc=\count466
\c@savedlistc=\count467
\c@listd=\count468
\c@savedlistd=\count469
\c@liste=\count470
\c@savedliste=\count471
\c@listf=\count472
\c@savedlistf=\count473
\c@location=\count474
\c@savedlocation=\count475
\c@organization=\count476
\c@savedorganization=\count477
\c@origlocation=\count478
\c@savedoriglocation=\count479
\c@origpublisher=\count480
\c@savedorigpublisher=\count481
\c@publisher=\count482
\c@savedpublisher=\count483
\c@language=\count484
\c@savedlanguage=\count485
\c@origlanguage=\count486
\c@savedoriglanguage=\count487
\c@pageref=\count488
\c@savedpageref=\count489
\shorthandwidth=\skip88
\shortjournalwidth=\skip89
\shortserieswidth=\skip90
\shorttitlewidth=\skip91
\shortauthorwidth=\skip92
\shorteditorwidth=\skip93
\locallabelnumberwidth=\skip94
\locallabelalphawidth=\skip95
\localshorthandwidth=\skip96
\localshortjournalwidth=\skip97
\localshortserieswidth=\skip98
\localshorttitlewidth=\skip99
\localshortauthorwidth=\skip100
\localshorteditorwidth=\skip101
Package biblatex Info: Trying to load enhanced support for Unicode engines...
Package biblatex Info: ... file 'blx-unicode.def' found.

(C:/Users/david.navarro/AppData/Local/Programs/MiKTeX/tex/latex/biblatex/blx-un
icode.def)
Package biblatex Info: Trying to load compatibility code...
Package biblatex Info: ... file 'blx-compat.def' found.

(C:/Users/david.navarro/AppData/Local/Programs/MiKTeX/tex/latex/biblatex/blx-co
mpat.def
File: blx-compat.def 2024/03/21 v3.20 biblatex compatibility (PK/MW)
)
Package biblatex Info: Trying to load BibTeX backend compatibility...
Package biblatex Info: ... file 'blx-bibtex.def' found.

(C:/Users/david.navarro/AppData/Local/Programs/MiKTeX/tex/latex/biblatex/blx-bi
btex.def
File: blx-bibtex.def 2024/03/21 v3.20 biblatex compatibility (PK/MW)


Package biblatex Warning: Using fall-back bibtex backend:
(biblatex)                functionality may be reduced/unavailable.

)
Package biblatex Info: Trying to load generic definitions...
Package biblatex Info: ... file 'biblatex.def' found.

(C:/Users/david.navarro/AppData/Local/Programs/MiKTeX/tex/latex/biblatex/biblat
ex.def
File: biblatex.def 2024/03/21 v3.20 biblatex compatibility (PK/MW)
\c@textcitecount=\count490
\c@textcitetotal=\count491
\c@textcitemaxnames=\count492
\c@biburlbigbreakpenalty=\count493
\c@biburlbreakpenalty=\count494
\c@biburlnumpenalty=\count495
\c@biburlucpenalty=\count496
\c@biburllcpenalty=\count497
\biburlbigskip=\muskip19
\biburlnumskip=\muskip20
\biburlucskip=\muskip21
\biburllcskip=\muskip22
\c@smartand=\count498
)
Package biblatex Info: Trying to load bibliography style 'numeric'...
Package biblatex Info: ... file 'numeric.bbx' found.

(C:/Users/david.navarro/AppData/Local/Programs/MiKTeX/tex/latex/biblatex/bbx/nu
meric.bbx
File: numeric.bbx 2024/03/21 v3.20 biblatex bibliography style (PK/MW)
Package biblatex Info: Trying to load bibliography style 'standard'...
Package biblatex Info: ... file 'standard.bbx' found.

(C:/Users/david.navarro/AppData/Local/Programs/MiKTeX/tex/latex/biblatex/bbx/st
andard.bbx
File: standard.bbx 2024/03/21 v3.20 biblatex bibliography style (PK/MW)
\c@bbx:relatedcount=\count499
\c@bbx:relatedtotal=\count500
))
Package biblatex Info: Trying to load citation style 'numeric'...
Package biblatex Info: ... file 'numeric.cbx' found.

(C:/Users/david.navarro/AppData/Local/Programs/MiKTeX/tex/latex/biblatex/cbx/nu
meric.cbx
File: numeric.cbx 2024/03/21 v3.20 biblatex citation style (PK/MW)
Package biblatex Info: Redefining '\cite'.
Package biblatex Info: Redefining '\parencite'.
Package biblatex Info: Redefining '\footcite'.
Package biblatex Info: Redefining '\footcitetext'.
Package biblatex Info: Redefining '\smartcite'.
Package biblatex Info: Redefining '\supercite'.
Package biblatex Info: Redefining '\textcite'.
Package biblatex Info: Redefining '\textcites'.
Package biblatex Info: Redefining '\cites'.
Package biblatex Info: Redefining '\parencites'.
Package biblatex Info: Redefining '\smartcites'.
)
Package biblatex Info: Trying to load configuration file...
Package biblatex Info: ... file 'biblatex.cfg' found.

(C:/Users/david.navarro/AppData/Local/Programs/MiKTeX/tex/latex/biblatex/biblat
ex.cfg
File: biblatex.cfg 
)
Package biblatex Info: LuaTeX detected.
(biblatex)             Assuming input encoding 'utf8'.
Package biblatex Info: Document encoding is UTF8 ....
Package biblatex Info: ... and expl3
(biblatex)             2025-06-09 L3 programming layer (loader) 
(biblatex)             is new enough (at least 2020/04/06),
(biblatex)             setting 'casechanger=expl3'.

(C:/Users/david.navarro/AppData/Local/Programs/MiKTeX/tex/latex/biblatex/blx-ca
se-expl3.sty
Package: blx-case-expl3 2024/03/21 v3.20 expl3 case changing code for biblatex
))
(C:/Users/david.navarro/AppData/Local/Programs/MiKTeX/tex/latex/tcolorbox/tcolo
rbox.sty
Package: tcolorbox 2025/06/04 version 6.6.0 text color boxes

(C:/Users/david.navarro/AppData/Local/Programs/MiKTeX/tex/latex/tools/verbatim.
sty
Package: verbatim 2024-01-22 v1.5x LaTeX2e package for verbatim enhancements
\every@verbatim=\toks56
\verbatim@line=\toks57
\verbatim@in@stream=\read5
)
(C:/Users/david.navarro/AppData/Local/Programs/MiKTeX/tex/latex/environ/environ
.sty
Package: environ 2014/05/04 v0.3 A new way to define environments

(C:/Users/david.navarro/AppData/Local/Programs/MiKTeX/tex/latex/trimspaces/trim
spaces.sty
Package: trimspaces 2009/09/17 v1.1 Trim spaces around a token list
))
\tcb@titlebox=\box71
\tcb@upperbox=\box72
\tcb@lowerbox=\box73
\tcb@phantombox=\box74
\c@tcbbreakpart=\count501
\c@tcblayer=\count502
\c@tcolorbox@number=\count503
\l__tcobox_tmpa_box=\box75
\l__tcobox_tmpa_dim=\dimen339
\tcb@temp=\box76
\tcb@temp=\box77
\tcb@temp=\box78
\tcb@temp=\box79
)
(C:/Users/david.navarro/AppData/Local/Programs/MiKTeX/tex/latex/fancyhdr/fancyh
dr.sty
Package: fancyhdr 2025/02/07 v5.2 Extensive control of page headers and footers

\f@nch@headwidth=\skip102
\f@nch@offset@elh=\skip103
\f@nch@offset@erh=\skip104
\f@nch@offset@olh=\skip105
\f@nch@offset@orh=\skip106
\f@nch@offset@elf=\skip107
\f@nch@offset@erf=\skip108
\f@nch@offset@olf=\skip109
\f@nch@offset@orf=\skip110
\f@nch@height=\skip111
\f@nch@footalignment=\skip112
\f@nch@widthL=\skip113
\f@nch@widthC=\skip114
\f@nch@widthR=\skip115
\@temptokenb=\toks58
)
\c@definition=\count504
\c@example=\count505
\c@practice=\count506
\c@theorem=\count507
Package csquotes Info: Checking for multilingual support...
Package csquotes Info: ... found 'babel' package.
Package csquotes Info: Adjusting default style.
Package csquotes Info: Redefining alias 'default' -> 'brazilian'.


LaTeX Warning: Unused global option(s):
    [openright].

(./main.aux
Package babel Info: 'brazilian' activates 'portuges' shorthands.
(babel)             Reported  on input line 15.
)
\openout1 = main.aux

LaTeX Font Info:    Checking defaults for OML/cmm/m/it on input line 99.
LaTeX Font Info:    ... okay on input line 99.
LaTeX Font Info:    Checking defaults for OMS/cmsy/m/n on input line 99.
LaTeX Font Info:    ... okay on input line 99.
LaTeX Font Info:    Checking defaults for OT1/cmr/m/n on input line 99.
LaTeX Font Info:    ... okay on input line 99.
LaTeX Font Info:    Checking defaults for T1/cmr/m/n on input line 99.
LaTeX Font Info:    ... okay on input line 99.
LaTeX Font Info:    Checking defaults for TS1/cmr/m/n on input line 99.
LaTeX Font Info:    ... okay on input line 99.
LaTeX Font Info:    Checking defaults for TU/lmr/m/n on input line 99.
LaTeX Font Info:    ... okay on input line 99.
LaTeX Font Info:    Checking defaults for OMX/cmex/m/n on input line 99.
LaTeX Font Info:    ... okay on input line 99.
LaTeX Font Info:    Checking defaults for U/cmr/m/n on input line 99.
LaTeX Font Info:    ... okay on input line 99.
LaTeX Font Info:    Checking defaults for PD1/pdf/m/n on input line 99.
LaTeX Font Info:    ... okay on input line 99.
LaTeX Font Info:    Checking defaults for PU/pdf/m/n on input line 99.
LaTeX Font Info:    ... okay on input line 99.

*geometry* driver: auto-detecting
*geometry* detected driver: luatex
*geometry* verbose mode - [ preamble ] result:
* driver: luatex
* paper: a4paper
* layout: <same size as paper>
* layoutoffset:(h,v)=(0.0pt,0.0pt)
* modes: twoside 
* h-part:(L,W,R)=(56.9055pt, 483.69687pt, 56.9055pt)
* v-part:(T,H,B)=(56.9055pt, 731.23584pt, 56.9055pt)
* \paperwidth=597.50787pt
* \paperheight=845.04684pt
* \textwidth=483.69687pt
* \textheight=731.23584pt
* \oddsidemargin=-15.36449pt
* \evensidemargin=-15.36449pt
* \topmargin=-52.36449pt
* \headheight=12.0pt
* \headsep=25.0pt
* \topskip=12.0pt
* \footskip=30.0pt
* \marginparwidth=85.0pt
* \marginparsep=10.0pt
* \columnsep=10.0pt
* \skip\footins=10.8pt plus 4.0pt minus 2.0pt
* \hoffset=0.0pt
* \voffset=0.0pt
* \mag=1000
* \@twocolumnfalse
* \@twosidetrue
* \@mparswitchtrue
* \@reversemarginfalse
* (1in=72.27pt=25.4mm, 1cm=28.453pt)


(C:/Users/david.navarro/AppData/Local/Programs/MiKTeX/tex/context/base/mkii/sup
p-pdf.mkii
[Loading MPS to PDF converter (version 2006.09.02).]
\scratchcounter=\count508
\scratchdimen=\dimen340
\scratchbox=\box80
\nofMPsegments=\count509
\nofMParguments=\count510
\everyMPshowfont=\toks59
\MPscratchCnt=\count511
\MPscratchDim=\dimen341
\MPnumerator=\count512
\makeMPintoPDFobject=\count513
\everyMPtoPDFconversion=\toks60
)
(C:/Users/david.navarro/AppData/Local/Programs/MiKTeX/tex/latex/epstopdf-pkg/ep
stopdf-base.sty
Package: epstopdf-base 2020-01-24 v2.11 Base part for package epstopdf
Package epstopdf-base Info: Redefining graphics rule for `.eps' on input line 4
85.

(C:/Users/david.navarro/AppData/Local/Programs/MiKTeX/tex/latex/00miktex/epstop
df-sys.cfg
File: epstopdf-sys.cfg 2021/03/18 v2.0 Configuration of epstopdf for MiKTeX
))
LaTeX Info: Redefining \microtypecontext on input line 99.
Package microtype Info: Applying patch `item' on input line 99.
Package microtype Info: Applying patch `toc' on input line 99.
Package microtype Info: Applying patch `eqnum' on input line 99.
Package microtype Info: Applying patch `footnote' on input line 99.
Package microtype Info: Applying patch `verbatim' on input line 99.
LaTeX Info: Redefining \microtypesetup on input line 99.
Package microtype Info: Generating PDF output.
Package microtype Info: Character protrusion enabled (level 2).
Package microtype Info: Using default protrusion set `alltext'.
Package microtype Info: Automatic font expansion enabled (level 2),
(microtype)             stretch: 20, shrink: 20, step: 1, non-selected.
Package microtype Info: Using default expansion set `alltext-nott'.


LaTeX Warning: Command \showhyphens   has changed.
               Check if current package is valid.

LaTeX Info: Redefining \showhyphens on input line 99.
Package microtype Info: No adjustment of tracking.
Package microtype Info: No adjustment of spacing.
Package microtype Info: No adjustment of kerning.

(C:/Users/david.navarro/AppData/Local/Programs/MiKTeX/tex/latex/microtype/mt-La
tinModernRoman.cfg
File: mt-LatinModernRoman.cfg 2021/02/21 v1.1 microtype config. file: Latin Mod
ern Roman (RS)
)
Package pgfplots notification 'compat/show suggested version=true': document ha
s been generated with the most recent feature set (\pgfplotsset{compat=1.18}).

Package caption Info: Begin \AtBeginDocument code.
Package caption Info: hyperref package is loaded.
Package caption Info: End \AtBeginDocument code.
Package hyperref Info: Link coloring ON on input line 99.
(./main.out) (./main.out)
\@outlinefile=\write5

\openout5 = main.out
Package biblatex Info: Trying to load language 'brazilian'...
Package biblatex Info: ... file 'brazilian.lbx' found.

(C:/Users/david.navarro/AppData/Local/Programs/MiKTeX/tex/latex/biblatex/lbx/br
azilian.lbx
File: brazilian.lbx 2024/03/21 v3.20 biblatex localization (PK/MW)
)
Package biblatex Info: LuaTeX detected.
(biblatex)             Assuming input encoding 'utf8'.
Package biblatex Info: Automatic encoding selection.
(biblatex)             Assuming data encoding 'utf8'.
Package biblatex Info: LuaTeX detected.
(biblatex)             Assuming input encoding 'utf8'.
Package biblatex Info: Data encoding 'utf8' specified.
(biblatex)             No need to reencode data.

\openout4 = main-blx.bib
Package biblatex Info: Trying to load bibliographic data...
Package biblatex Info: ... file 'main.bbl' found.
 (./main.bbl)
Package biblatex Info: Reference section=0 on input line 99.
Package biblatex Info: Reference segment=0 on input line 99.
LaTeX Font Info:    Trying to load font information for OT1+lmr on input line 1
02.

(C:/Users/david.navarro/AppData/Local/Programs/MiKTeX/tex/latex/lm/ot1lmr.fd
File: ot1lmr.fd 2015/05/01 v1.6.1 Font defs for Latin Modern
)
Package microtype Info: Loading generic protrusion settings for font family
(microtype)             `lmr' (encoding: OT1).
(microtype)             For optimal results, create family-specific settings.
(microtype)             See the microtype manual for details.
LaTeX Font Info:    Trying to load font information for OML+lmm on input line 1
02.

(C:/Users/david.navarro/AppData/Local/Programs/MiKTeX/tex/latex/lm/omllmm.fd
File: omllmm.fd 2015/05/01 v1.6.1 Font defs for Latin Modern
)
LaTeX Font Info:    Trying to load font information for OMS+lmsy on input line 
102.

(C:/Users/david.navarro/AppData/Local/Programs/MiKTeX/tex/latex/lm/omslmsy.fd
File: omslmsy.fd 2015/05/01 v1.6.1 Font defs for Latin Modern
)
LaTeX Font Info:    Trying to load font information for OMX+lmex on input line 
102.

(C:/Users/david.navarro/AppData/Local/Programs/MiKTeX/tex/latex/lm/omxlmex.fd
File: omxlmex.fd 2015/05/01 v1.6.1 Font defs for Latin Modern
)
LaTeX Font Info:    External font `lmex10' loaded for size
(Font)              <14.4> on input line 102.
LaTeX Font Info:    External font `lmex10' loaded for size
(Font)              <10> on input line 102.
LaTeX Font Info:    External font `lmex10' loaded for size
(Font)              <7> on input line 102.
LaTeX Font Info:    Trying to load font information for U+msa on input line 102
.

(C:/Users/david.navarro/AppData/Local/Programs/MiKTeX/tex/latex/amsfonts/umsa.f
d
File: umsa.fd 2013/01/14 v3.01 AMS symbols A
)
(C:/Users/david.navarro/AppData/Local/Programs/MiKTeX/tex/latex/microtype/mt-ms
a.cfg
File: mt-msa.cfg 2006/02/04 v1.1 microtype config. file: AMS symbols (a) (RS)
)
LaTeX Font Info:    Trying to load font information for U+msb on input line 102
.

(C:/Users/david.navarro/AppData/Local/Programs/MiKTeX/tex/latex/amsfonts/umsb.f
d
File: umsb.fd 2013/01/14 v3.01 AMS symbols B
)
(C:/Users/david.navarro/AppData/Local/Programs/MiKTeX/tex/latex/microtype/mt-ms
b.cfg
File: mt-msb.cfg 2005/06/01 v1.0 microtype config. file: AMS symbols (b) (RS)
)

LaTeX Warning: No \author given.

(./main.toc
LaTeX Font Info:    External font `lmex10' loaded for size
(Font)              <12> on input line 3.
LaTeX Font Info:    External font `lmex10' loaded for size
(Font)              <8> on input line 3.
LaTeX Font Info:    External font `lmex10' loaded for size
(Font)              <6> on input line 3.


[1

{C:/Users/david.navarro/AppData/Local/MiKTeX/fonts/map/pdftex/pdftex.map}])
\tf@toc=\write6

\openout6 = main.toc


[2]

[3]
LaTeX Font Info:    External font `lmex10' loaded for size
(Font)              <10.95> on input line 178.
LaTeX Font Info:    External font `lmex10' loaded for size
(Font)              <5> on input line 189.


[4]

[5]
Underfull \vbox (badness 3942) has occurred while \output is active []



[6]
Underfull \hbox (badness 10000) in paragraph at lines 479--484

 []



[7]
Overfull \hbox (5.37927pt too wide) in paragraph at lines 531--536
[]\TU/lmr/m/n/12 Onde: [] 
 []


Underfull \hbox (badness 10000) in paragraph at lines 531--536

 []


Underfull \vbox (badness 10000) has occurred while \output is active []



[8]

[9]

LaTeX Warning: `h' float specifier changed to `ht'.



[10]
Underfull \vbox (badness 2617) has occurred while \output is active []



[11]

[12]
Underfull \vbox (badness 10000) has occurred while \output is active []



[13]
Underfull \hbox (badness 10000) in paragraph at lines 877--882

 []


Underfull \vbox (badness 1442) has occurred while \output is active []



[14
Missing character: There is no ; (U+003B) in font nullfont!
]

LaTeX Warning: `h' float specifier changed to `ht'.



[15
Missing character: There is no ; (U+003B) in font nullfont!
]
Overfull \hbox (3.81293pt too wide) in paragraph at lines 1047--1048
 [][] 
 []


Overfull \hbox (3.81293pt too wide) in paragraph at lines 1067--1068
 [][] 
 []


Underfull \vbox (badness 1946) has occurred while \output is active []



[16]
Underfull \hbox (badness 10000) in paragraph at lines 1081--1086

 []



[17]

Package hyperref Warning: Token not allowed in a PDF string (Unicode):
(hyperref)                removing `math shift' on input line 1180.


Package hyperref Warning: Token not allowed in a PDF string (Unicode):
(hyperref)                removing `\Delta' on input line 1180.


Package hyperref Warning: Token not allowed in a PDF string (Unicode):
(hyperref)                removing `math shift' on input line 1180.


LaTeX Warning: `h' float specifier changed to `ht'.



[18
Missing character: There is no ; (U+003B) in font nullfont!
]

[19]

LaTeX Warning: `h' float specifier changed to `ht'.


Package hyperref Warning: Token not allowed in a PDF string (Unicode):
(hyperref)                removing `math shift' on input line 1320.


Package hyperref Warning: Token not allowed in a PDF string (Unicode):
(hyperref)                removing `math shift' on input line 1320.


Package hyperref Warning: Token not allowed in a PDF string (Unicode):
(hyperref)                removing `math shift' on input line 1320.


Package hyperref Warning: Token not allowed in a PDF string (Unicode):
(hyperref)                removing `math shift' on input line 1320.


LaTeX Warning: `h' float specifier changed to `ht'.



[20]
Underfull \hbox (badness 10000) in paragraph at lines 1382--1387

 []



[21]

[22]
Underfull \hbox (badness 10000) in paragraph at lines 1459--1462

 []



[23]

[24]

[25]
Underfull \vbox (badness 5711) has occurred while \output is active []



[26]
Underfull \vbox (badness 10000) has occurred while \output is active []



[27]

[28]

Package hyperref Warning: Token not allowed in a PDF string (Unicode):
(hyperref)                removing `math shift' on input line 1924.


Package hyperref Warning: Token not allowed in a PDF string (Unicode):
(hyperref)                removing `superscript' on input line 1924.


Package hyperref Warning: Token not allowed in a PDF string (Unicode):
(hyperref)                removing `math shift' on input line 1924.


Package hyperref Warning: Token not allowed in a PDF string (Unicode):
(hyperref)                removing `math shift' on input line 1924.


Package hyperref Warning: Token not allowed in a PDF string (Unicode):
(hyperref)                removing `math shift' on input line 1924.


LaTeX Warning: `h' float specifier changed to `ht'.



[29]
Overfull \hbox (37.01028pt too wide) in paragraph at lines 2064--2065
 [] 
 []


Underfull \vbox (badness 10000) has occurred while \output is active []



[30]
NOTE: coordinate (--,--,--) [--](was (-1.0,-nan(ind),--) [--]) has been dropped 
because of a coordinate filter.
NOTE: coordinate (--,--,--) [--](was (-0.96984924623116,-nan(ind),--) [--]) has 
been dropped because of a coordinate filter.
NOTE: coordinate (--,--,--) [--](was (-0.93969849246231,-nan(ind),--) [--]) has 
been dropped because of a coordinate filter.
NOTE: coordinate (--,--,--) [--](was (-0.90954773869347,-nan(ind),--) [--]) has 
been dropped because of a coordinate filter.
NOTE: coordinate (--,--,--) [--](was (-0.87939698492462,-nan(ind),--) [--]) has 
been dropped because of a coordinate filter.
NOTE: coordinate (--,--,--) [--](was (-0.84924623115578,-nan(ind),--) [--]) has 
been dropped because of a coordinate filter.
NOTE: coordinate (--,--,--) [--](was (-0.81909547738693,-nan(ind),--) [--]) has 
been dropped because of a coordinate filter.
NOTE: coordinate (--,--,--) [--](was (-0.78894472361809,-nan(ind),--) [--]) has 
been dropped because of a coordinate filter.
NOTE: coordinate (--,--,--) [--](was (-0.75879396984925,-nan(ind),--) [--]) has 
been dropped because of a coordinate filter.
NOTE: coordinate (--,--,--) [--](was (-0.7286432160804,-nan(ind),--) [--]) has b
een dropped because of a coordinate filter.
NOTE: coordinate (--,--,--) [--](was (-0.69849246231156,-nan(ind),--) [--]) has 
been dropped because of a coordinate filter.
NOTE: coordinate (--,--,--) [--](was (-0.66834170854271,-nan(ind),--) [--]) has 
been dropped because of a coordinate filter.
NOTE: coordinate (--,--,--) [--](was (-0.63819095477387,-nan(ind),--) [--]) has 
been dropped because of a coordinate filter.
NOTE: coordinate (--,--,--) [--](was (-0.60804020100503,-nan(ind),--) [--]) has 
been dropped because of a coordinate filter.
NOTE: coordinate (--,--,--) [--](was (-0.57788944723618,-nan(ind),--) [--]) has 
been dropped because of a coordinate filter.
NOTE: coordinate (--,--,--) [--](was (-0.54773869346734,-nan(ind),--) [--]) has 
been dropped because of a coordinate filter.
NOTE: coordinate (--,--,--) [--](was (-0.51758793969849,-nan(ind),--) [--]) has 
been dropped because of a coordinate filter.
NOTE: coordinate (--,--,--) [--](was (-0.48743718592965,-nan(ind),--) [--]) has 
been dropped because of a coordinate filter.
NOTE: coordinate (--,--,--) [--](was (-0.4572864321608,-nan(ind),--) [--]) has b
een dropped because of a coordinate filter.
NOTE: coordinate (--,--,--) [--](was (-0.42713567839196,-nan(ind),--) [--]) has 
been dropped because of a coordinate filter.
NOTE: coordinate (--,--,--) [--](was (-0.39698492462312,-nan(ind),--) [--]) has 
been dropped because of a coordinate filter.
NOTE: coordinate (--,--,--) [--](was (-0.36683417085427,-nan(ind),--) [--]) has 
been dropped because of a coordinate filter.
NOTE: coordinate (--,--,--) [--](was (-0.33668341708543,-nan(ind),--) [--]) has 
been dropped because of a coordinate filter.
NOTE: coordinate (--,--,--) [--](was (-0.30653266331658,-nan(ind),--) [--]) has 
been dropped because of a coordinate filter.
NOTE: coordinate (--,--,--) [--](was (-0.27638190954774,-nan(ind),--) [--]) has 
been dropped because of a coordinate filter.
NOTE: coordinate (--,--,--) [--](was (-0.24623115577889,-nan(ind),--) [--]) has 
been dropped because of a coordinate filter.
NOTE: coordinate (--,--,--) [--](was (-0.21608040201005,-nan(ind),--) [--]) has 
been dropped because of a coordinate filter.
NOTE: coordinate (--,--,--) [--](was (-0.18592964824121,-nan(ind),--) [--]) has 
been dropped because of a coordinate filter.
NOTE: coordinate (--,--,--) [--](was (-0.15577889447236,-nan(ind),--) [--]) has 
been dropped because of a coordinate filter.
NOTE: coordinate (--,--,--) [--](was (-0.12562814070352,-nan(ind),--) [--]) has 
been dropped because of a coordinate filter.
NOTE: coordinate (--,--,--) [--](was (-0.095477386934673,-nan(ind),--) [--]) has
 been dropped because of a coordinate filter.
NOTE: coordinate (--,--,--) [--](was (-0.065326633165829,-nan(ind),--) [--]) has
 been dropped because of a coordinate filter.
NOTE: coordinate (--,--,--) [--](was (-0.035175879396985,-nan(ind),--) [--]) has
 been dropped because of a coordinate filter.
NOTE: coordinate (--,--,--) [--](was (-0.0050251256281407,-nan(ind),--) [--]) ha
s been dropped because of a coordinate filter.

LaTeX Warning: `h' float specifier changed to `ht'.



[31]

LaTeX Warning: `h' float specifier changed to `ht'.



[32]

LaTeX Warning: `h' float specifier changed to `ht'.



[33
Missing character: There is no ; (U+003B) in font nullfont!
Missing character: There is no ; (U+003B) in font nullfont!
]
Overfull \hbox (33.73886pt too wide) detected at line 2290
[]
 []


LaTeX Warning: `h' float specifier changed to `ht'.



[34]
Underfull \vbox (badness 10000) has occurred while \output is active []



[35]

[36]
Underfull \hbox (badness 10000) in paragraph at lines 2461--2465

 []


Underfull \hbox (badness 10000) in paragraph at lines 2473--2477

 []


LaTeX Warning: `h' float specifier changed to `ht'.


Underfull \hbox (badness 10000) in paragraph at lines 2545--2549

 []



[37]

[38]

[39]

LaTeX Warning: `!h' float specifier changed to `!ht'.



[40]
Underfull \vbox (badness 10000) has occurred while \output is active []



[41]
NOTE: coordinate (--,--,--) [--](was (-5.0,nan,--) [--]) has been dropped becaus
e it is unbounding (in 2).
NOTE: coordinate (--,--,--) [--](was (-4.9497487437186,nan,--) [--]) has been dr
opped because it is unbounding (in 2).
NOTE: coordinate (--,--,--) [--](was (-4.8994974874372,nan,--) [--]) has been dr
opped because it is unbounding (in 2).
NOTE: coordinate (--,--,--) [--](was (-4.8492462311558,nan,--) [--]) has been dr
opped because it is unbounding (in 2).
NOTE: coordinate (--,--,--) [--](was (-4.7989949748744,nan,--) [--]) has been dr
opped because it is unbounding (in 2).
NOTE: coordinate (--,--,--) [--](was (-4.748743718593,nan,--) [--]) has been dro
pped because it is unbounding (in 2).
NOTE: coordinate (--,--,--) [--](was (-4.6984924623116,nan,--) [--]) has been dr
opped because it is unbounding (in 2).
NOTE: coordinate (--,--,--) [--](was (-4.6482412060302,nan,--) [--]) has been dr
opped because it is unbounding (in 2).
NOTE: coordinate (--,--,--) [--](was (-4.5979899497487,nan,--) [--]) has been dr
opped because it is unbounding (in 2).
NOTE: coordinate (--,--,--) [--](was (-4.5477386934673,nan,--) [--]) has been dr
opped because it is unbounding (in 2).
NOTE: coordinate (--,--,--) [--](was (-4.4974874371859,nan,--) [--]) has been dr
opped because it is unbounding (in 2).
NOTE: coordinate (--,--,--) [--](was (-4.4472361809045,nan,--) [--]) has been dr
opped because it is unbounding (in 2).
NOTE: coordinate (--,--,--) [--](was (-4.3969849246231,nan,--) [--]) has been dr
opped because it is unbounding (in 2).
NOTE: coordinate (--,--,--) [--](was (-4.3467336683417,nan,--) [--]) has been dr
opped because it is unbounding (in 2).
NOTE: coordinate (--,--,--) [--](was (-4.2964824120603,nan,--) [--]) has been dr
opped because it is unbounding (in 2).
NOTE: coordinate (--,--,--) [--](was (-4.2462311557789,nan,--) [--]) has been dr
opped because it is unbounding (in 2).
NOTE: coordinate (--,--,--) [--](was (-4.1959798994975,nan,--) [--]) has been dr
opped because it is unbounding (in 2).
NOTE: coordinate (--,--,--) [--](was (-4.1457286432161,nan,--) [--]) has been dr
opped because it is unbounding (in 2).
NOTE: coordinate (--,--,--) [--](was (-4.0954773869347,nan,--) [--]) has been dr
opped because it is unbounding (in 2).
NOTE: coordinate (--,--,--) [--](was (-4.0452261306533,nan,--) [--]) has been dr
opped because it is unbounding (in 2).
NOTE: coordinate (--,--,--) [--](was (-3.9949748743719,nan,--) [--]) has been dr
opped because it is unbounding (in 2).
NOTE: coordinate (--,--,--) [--](was (-3.9447236180905,nan,--) [--]) has been dr
opped because it is unbounding (in 2).
NOTE: coordinate (--,--,--) [--](was (-3.894472361809,nan,--) [--]) has been dro
pped because it is unbounding (in 2).
NOTE: coordinate (--,--,--) [--](was (-3.8442211055276,nan,--) [--]) has been dr
opped because it is unbounding (in 2).
NOTE: coordinate (--,--,--) [--](was (-3.7939698492462,nan,--) [--]) has been dr
opped because it is unbounding (in 2).
NOTE: coordinate (--,--,--) [--](was (-3.7437185929648,nan,--) [--]) has been dr
opped because it is unbounding (in 2).
NOTE: coordinate (--,--,--) [--](was (-3.6934673366834,nan,--) [--]) has been dr
opped because it is unbounding (in 2).
NOTE: coordinate (--,--,--) [--](was (-3.643216080402,nan,--) [--]) has been dro
pped because it is unbounding (in 2).
NOTE: coordinate (--,--,--) [--](was (-3.5929648241206,nan,--) [--]) has been dr
opped because it is unbounding (in 2).
NOTE: coordinate (--,--,--) [--](was (-3.5427135678392,nan,--) [--]) has been dr
opped because it is unbounding (in 2).
NOTE: coordinate (--,--,--) [--](was (-3.4924623115578,nan,--) [--]) has been dr
opped because it is unbounding (in 2).
NOTE: coordinate (--,--,--) [--](was (-3.4422110552764,nan,--) [--]) has been dr
opped because it is unbounding (in 2).
NOTE: coordinate (--,--,--) [--](was (-3.391959798995,nan,--) [--]) has been dro
pped because it is unbounding (in 2).
NOTE: coordinate (--,--,--) [--](was (-3.3417085427136,nan,--) [--]) has been dr
opped because it is unbounding (in 2).
NOTE: coordinate (--,--,--) [--](was (-3.2914572864322,nan,--) [--]) has been dr
opped because it is unbounding (in 2).
NOTE: coordinate (--,--,--) [--](was (-3.2412060301508,nan,--) [--]) has been dr
opped because it is unbounding (in 2).
NOTE: coordinate (--,--,--) [--](was (-3.1909547738693,nan,--) [--]) has been dr
opped because it is unbounding (in 2).
NOTE: coordinate (--,--,--) [--](was (-3.1407035175879,nan,--) [--]) has been dr
opped because it is unbounding (in 2).
NOTE: coordinate (--,--,--) [--](was (-3.0904522613065,nan,--) [--]) has been dr
opped because it is unbounding (in 2).
NOTE: coordinate (--,--,--) [--](was (-3.0402010050251,nan,--) [--]) has been dr
opped because it is unbounding (in 2).
NOTE: coordinate (--,--,--) [--](was (-2.9899497487437,nan,--) [--]) has been dr
opped because it is unbounding (in 2).
NOTE: coordinate (--,--,--) [--](was (-2.9396984924623,nan,--) [--]) has been dr
opped because it is unbounding (in 2).
NOTE: coordinate (--,--,--) [--](was (-2.8894472361809,nan,--) [--]) has been dr
opped because it is unbounding (in 2).
NOTE: coordinate (--,--,--) [--](was (-2.8391959798995,nan,--) [--]) has been dr
opped because it is unbounding (in 2).
NOTE: coordinate (--,--,--) [--](was (-2.7889447236181,nan,--) [--]) has been dr
opped because it is unbounding (in 2).
NOTE: coordinate (--,--,--) [--](was (-2.7386934673367,nan,--) [--]) has been dr
opped because it is unbounding (in 2).
NOTE: coordinate (--,--,--) [--](was (-2.6884422110553,nan,--) [--]) has been dr
opped because it is unbounding (in 2).
NOTE: coordinate (--,--,--) [--](was (-2.6381909547739,nan,--) [--]) has been dr
opped because it is unbounding (in 2).
NOTE: coordinate (--,--,--) [--](was (-2.5879396984925,nan,--) [--]) has been dr
opped because it is unbounding (in 2).
NOTE: coordinate (--,--,--) [--](was (-2.5376884422111,nan,--) [--]) has been dr
opped because it is unbounding (in 2).
NOTE: coordinate (--,--,--) [--](was (-2.4874371859296,nan,--) [--]) has been dr
opped because it is unbounding (in 2).
NOTE: coordinate (--,--,--) [--](was (-2.4371859296482,nan,--) [--]) has been dr
opped because it is unbounding (in 2).
NOTE: coordinate (--,--,--) [--](was (-2.3869346733668,nan,--) [--]) has been dr
opped because it is unbounding (in 2).
NOTE: coordinate (--,--,--) [--](was (-2.3366834170854,nan,--) [--]) has been dr
opped because it is unbounding (in 2).
NOTE: coordinate (--,--,--) [--](was (-2.286432160804,nan,--) [--]) has been dro
pped because it is unbounding (in 2).
NOTE: coordinate (--,--,--) [--](was (-2.2361809045226,nan,--) [--]) has been dr
opped because it is unbounding (in 2).
NOTE: coordinate (--,--,--) [--](was (-2.1859296482412,nan,--) [--]) has been dr
opped because it is unbounding (in 2).
NOTE: coordinate (--,--,--) [--](was (-2.1356783919598,nan,--) [--]) has been dr
opped because it is unbounding (in 2).
NOTE: coordinate (--,--,--) [--](was (-2.0854271356784,nan,--) [--]) has been dr
opped because it is unbounding (in 2).
NOTE: coordinate (--,--,--) [--](was (-2.035175879397,nan,--) [--]) has been dro
pped because it is unbounding (in 2).
NOTE: coordinate (--,--,--) [--](was (-1.9849246231156,nan,--) [--]) has been dr
opped because it is unbounding (in 2).
NOTE: coordinate (--,--,--) [--](was (-1.9346733668342,nan,--) [--]) has been dr
opped because it is unbounding (in 2).
NOTE: coordinate (--,--,--) [--](was (-1.8844221105528,nan,--) [--]) has been dr
opped because it is unbounding (in 2).
NOTE: coordinate (--,--,--) [--](was (-1.8341708542714,nan,--) [--]) has been dr
opped because it is unbounding (in 2).
NOTE: coordinate (--,--,--) [--](was (-1.7839195979899,nan,--) [--]) has been dr
opped because it is unbounding (in 2).
NOTE: coordinate (--,--,--) [--](was (-1.7336683417085,nan,--) [--]) has been dr
opped because it is unbounding (in 2).
NOTE: coordinate (--,--,--) [--](was (-1.6834170854271,nan,--) [--]) has been dr
opped because it is unbounding (in 2).
NOTE: coordinate (--,--,--) [--](was (-1.6331658291457,nan,--) [--]) has been dr
opped because it is unbounding (in 2).
NOTE: coordinate (--,--,--) [--](was (-1.5829145728643,nan,--) [--]) has been dr
opped because it is unbounding (in 2).
NOTE: coordinate (--,--,--) [--](was (-1.5326633165829,nan,--) [--]) has been dr
opped because it is unbounding (in 2).
NOTE: coordinate (--,--,--) [--](was (-1.4824120603015,nan,--) [--]) has been dr
opped because it is unbounding (in 2).
NOTE: coordinate (--,--,--) [--](was (-1.4321608040201,nan,--) [--]) has been dr
opped because it is unbounding (in 2).
NOTE: coordinate (--,--,--) [--](was (-1.3819095477387,nan,--) [--]) has been dr
opped because it is unbounding (in 2).
NOTE: coordinate (--,--,--) [--](was (-1.3316582914573,nan,--) [--]) has been dr
opped because it is unbounding (in 2).
NOTE: coordinate (--,--,--) [--](was (-1.2814070351759,nan,--) [--]) has been dr
opped because it is unbounding (in 2).
NOTE: coordinate (--,--,--) [--](was (-1.2311557788945,nan,--) [--]) has been dr
opped because it is unbounding (in 2).
NOTE: coordinate (--,--,--) [--](was (-1.1809045226131,nan,--) [--]) has been dr
opped because it is unbounding (in 2).
NOTE: coordinate (--,--,--) [--](was (-1.1306532663317,nan,--) [--]) has been dr
opped because it is unbounding (in 2).
NOTE: coordinate (--,--,--) [--](was (-1.0804020100503,nan,--) [--]) has been dr
opped because it is unbounding (in 2).
NOTE: coordinate (--,--,--) [--](was (-1.0301507537688,nan,--) [--]) has been dr
opped because it is unbounding (in 2).
NOTE: coordinate (--,--,--) [--](was (-0.97989949748744,nan,--) [--]) has been d
ropped because it is unbounding (in 2).
NOTE: coordinate (--,--,--) [--](was (-0.92964824120603,nan,--) [--]) has been d
ropped because it is unbounding (in 2).
NOTE: coordinate (--,--,--) [--](was (-0.87939698492462,nan,--) [--]) has been d
ropped because it is unbounding (in 2).
NOTE: coordinate (--,--,--) [--](was (-0.82914572864322,nan,--) [--]) has been d
ropped because it is unbounding (in 2).
NOTE: coordinate (--,--,--) [--](was (-0.77889447236181,nan,--) [--]) has been d
ropped because it is unbounding (in 2).
NOTE: coordinate (--,--,--) [--](was (-0.7286432160804,nan,--) [--]) has been dr
opped because it is unbounding (in 2).
NOTE: coordinate (--,--,--) [--](was (-0.67839195979899,nan,--) [--]) has been d
ropped because it is unbounding (in 2).
NOTE: coordinate (--,--,--) [--](was (-0.62814070351759,nan,--) [--]) has been d
ropped because it is unbounding (in 2).
NOTE: coordinate (--,--,--) [--](was (-0.57788944723618,nan,--) [--]) has been d
ropped because it is unbounding (in 2).
NOTE: coordinate (--,--,--) [--](was (-0.52763819095477,nan,--) [--]) has been d
ropped because it is unbounding (in 2).
NOTE: coordinate (--,--,--) [--](was (-0.47738693467337,nan,--) [--]) has been d
ropped because it is unbounding (in 2).
NOTE: coordinate (--,--,--) [--](was (-0.42713567839196,nan,--) [--]) has been d
ropped because it is unbounding (in 2).
NOTE: coordinate (--,--,--) [--](was (-0.37688442211055,nan,--) [--]) has been d
ropped because it is unbounding (in 2).
NOTE: coordinate (--,--,--) [--](was (-0.32663316582915,nan,--) [--]) has been d
ropped because it is unbounding (in 2).
NOTE: coordinate (--,--,--) [--](was (-0.27638190954774,nan,--) [--]) has been d
ropped because it is unbounding (in 2).
NOTE: coordinate (--,--,--) [--](was (-0.22613065326633,nan,--) [--]) has been d
ropped because it is unbounding (in 2).
NOTE: coordinate (--,--,--) [--](was (-0.17587939698492,nan,--) [--]) has been d
ropped because it is unbounding (in 2).
NOTE: coordinate (--,--,--) [--](was (-0.12562814070352,nan,--) [--]) has been d
ropped because it is unbounding (in 2).
NOTE: coordinate (--,--,--) [--](was (-0.07537688442211,nan,--) [--]) has been d
ropped because it is unbounding (in 2).
NOTE: coordinate (--,--,--) [--](was (-0.025125628140703,nan,--) [--]) has been 
dropped because it is unbounding (in 2).
NOTE: coordinate (--,--,--) [--](was (-5.0,nan,--) [--]) has been dropped becaus
e it is unbounding (in 2).
NOTE: coordinate (--,--,--) [--](was (-4.9497487437186,nan,--) [--]) has been dr
opped because it is unbounding (in 2).
NOTE: coordinate (--,--,--) [--](was (-4.8994974874372,nan,--) [--]) has been dr
opped because it is unbounding (in 2).
NOTE: coordinate (--,--,--) [--](was (-4.8492462311558,nan,--) [--]) has been dr
opped because it is unbounding (in 2).
NOTE: coordinate (--,--,--) [--](was (-4.7989949748744,nan,--) [--]) has been dr
opped because it is unbounding (in 2).
NOTE: coordinate (--,--,--) [--](was (-4.748743718593,nan,--) [--]) has been dro
pped because it is unbounding (in 2).
NOTE: coordinate (--,--,--) [--](was (-4.6984924623116,nan,--) [--]) has been dr
opped because it is unbounding (in 2).
NOTE: coordinate (--,--,--) [--](was (-4.6482412060302,nan,--) [--]) has been dr
opped because it is unbounding (in 2).
NOTE: coordinate (--,--,--) [--](was (-4.5979899497487,nan,--) [--]) has been dr
opped because it is unbounding (in 2).
NOTE: coordinate (--,--,--) [--](was (-4.5477386934673,nan,--) [--]) has been dr
opped because it is unbounding (in 2).
NOTE: coordinate (--,--,--) [--](was (-4.4974874371859,nan,--) [--]) has been dr
opped because it is unbounding (in 2).
NOTE: coordinate (--,--,--) [--](was (-4.4472361809045,nan,--) [--]) has been dr
opped because it is unbounding (in 2).
NOTE: coordinate (--,--,--) [--](was (-4.3969849246231,nan,--) [--]) has been dr
opped because it is unbounding (in 2).
NOTE: coordinate (--,--,--) [--](was (-4.3467336683417,nan,--) [--]) has been dr
opped because it is unbounding (in 2).
NOTE: coordinate (--,--,--) [--](was (-4.2964824120603,nan,--) [--]) has been dr
opped because it is unbounding (in 2).
NOTE: coordinate (--,--,--) [--](was (-4.2462311557789,nan,--) [--]) has been dr
opped because it is unbounding (in 2).
NOTE: coordinate (--,--,--) [--](was (-4.1959798994975,nan,--) [--]) has been dr
opped because it is unbounding (in 2).
NOTE: coordinate (--,--,--) [--](was (-4.1457286432161,nan,--) [--]) has been dr
opped because it is unbounding (in 2).
NOTE: coordinate (--,--,--) [--](was (-4.0954773869347,nan,--) [--]) has been dr
opped because it is unbounding (in 2).
NOTE: coordinate (--,--,--) [--](was (-4.0452261306533,nan,--) [--]) has been dr
opped because it is unbounding (in 2).
NOTE: coordinate (--,--,--) [--](was (-3.9949748743719,nan,--) [--]) has been dr
opped because it is unbounding (in 2).
NOTE: coordinate (--,--,--) [--](was (-3.9447236180905,nan,--) [--]) has been dr
opped because it is unbounding (in 2).
NOTE: coordinate (--,--,--) [--](was (-3.894472361809,nan,--) [--]) has been dro
pped because it is unbounding (in 2).
NOTE: coordinate (--,--,--) [--](was (-3.8442211055276,nan,--) [--]) has been dr
opped because it is unbounding (in 2).
NOTE: coordinate (--,--,--) [--](was (-3.7939698492462,nan,--) [--]) has been dr
opped because it is unbounding (in 2).
NOTE: coordinate (--,--,--) [--](was (-3.7437185929648,nan,--) [--]) has been dr
opped because it is unbounding (in 2).
NOTE: coordinate (--,--,--) [--](was (-3.6934673366834,nan,--) [--]) has been dr
opped because it is unbounding (in 2).
NOTE: coordinate (--,--,--) [--](was (-3.643216080402,nan,--) [--]) has been dro
pped because it is unbounding (in 2).
NOTE: coordinate (--,--,--) [--](was (-3.5929648241206,nan,--) [--]) has been dr
opped because it is unbounding (in 2).
NOTE: coordinate (--,--,--) [--](was (-3.5427135678392,nan,--) [--]) has been dr
opped because it is unbounding (in 2).
NOTE: coordinate (--,--,--) [--](was (-3.4924623115578,nan,--) [--]) has been dr
opped because it is unbounding (in 2).
NOTE: coordinate (--,--,--) [--](was (-3.4422110552764,nan,--) [--]) has been dr
opped because it is unbounding (in 2).
NOTE: coordinate (--,--,--) [--](was (-3.391959798995,nan,--) [--]) has been dro
pped because it is unbounding (in 2).
NOTE: coordinate (--,--,--) [--](was (-3.3417085427136,nan,--) [--]) has been dr
opped because it is unbounding (in 2).
NOTE: coordinate (--,--,--) [--](was (-3.2914572864322,nan,--) [--]) has been dr
opped because it is unbounding (in 2).
NOTE: coordinate (--,--,--) [--](was (-3.2412060301508,nan,--) [--]) has been dr
opped because it is unbounding (in 2).
NOTE: coordinate (--,--,--) [--](was (-3.1909547738693,nan,--) [--]) has been dr
opped because it is unbounding (in 2).
NOTE: coordinate (--,--,--) [--](was (-3.1407035175879,nan,--) [--]) has been dr
opped because it is unbounding (in 2).
NOTE: coordinate (--,--,--) [--](was (-3.0904522613065,nan,--) [--]) has been dr
opped because it is unbounding (in 2).
NOTE: coordinate (--,--,--) [--](was (-3.0402010050251,nan,--) [--]) has been dr
opped because it is unbounding (in 2).
NOTE: coordinate (--,--,--) [--](was (-2.9899497487437,nan,--) [--]) has been dr
opped because it is unbounding (in 2).
NOTE: coordinate (--,--,--) [--](was (-2.9396984924623,nan,--) [--]) has been dr
opped because it is unbounding (in 2).
NOTE: coordinate (--,--,--) [--](was (-2.8894472361809,nan,--) [--]) has been dr
opped because it is unbounding (in 2).
NOTE: coordinate (--,--,--) [--](was (-2.8391959798995,nan,--) [--]) has been dr
opped because it is unbounding (in 2).
NOTE: coordinate (--,--,--) [--](was (-2.7889447236181,nan,--) [--]) has been dr
opped because it is unbounding (in 2).
NOTE: coordinate (--,--,--) [--](was (-2.7386934673367,nan,--) [--]) has been dr
opped because it is unbounding (in 2).
NOTE: coordinate (--,--,--) [--](was (-2.6884422110553,nan,--) [--]) has been dr
opped because it is unbounding (in 2).
NOTE: coordinate (--,--,--) [--](was (-2.6381909547739,nan,--) [--]) has been dr
opped because it is unbounding (in 2).
NOTE: coordinate (--,--,--) [--](was (-2.5879396984925,nan,--) [--]) has been dr
opped because it is unbounding (in 2).
NOTE: coordinate (--,--,--) [--](was (-2.5376884422111,nan,--) [--]) has been dr
opped because it is unbounding (in 2).
NOTE: coordinate (--,--,--) [--](was (-2.4874371859296,nan,--) [--]) has been dr
opped because it is unbounding (in 2).
NOTE: coordinate (--,--,--) [--](was (-2.4371859296482,nan,--) [--]) has been dr
opped because it is unbounding (in 2).
NOTE: coordinate (--,--,--) [--](was (-2.3869346733668,nan,--) [--]) has been dr
opped because it is unbounding (in 2).
NOTE: coordinate (--,--,--) [--](was (-2.3366834170854,nan,--) [--]) has been dr
opped because it is unbounding (in 2).
NOTE: coordinate (--,--,--) [--](was (-2.286432160804,nan,--) [--]) has been dro
pped because it is unbounding (in 2).
NOTE: coordinate (--,--,--) [--](was (-2.2361809045226,nan,--) [--]) has been dr
opped because it is unbounding (in 2).
NOTE: coordinate (--,--,--) [--](was (-2.1859296482412,nan,--) [--]) has been dr
opped because it is unbounding (in 2).
NOTE: coordinate (--,--,--) [--](was (-2.1356783919598,nan,--) [--]) has been dr
opped because it is unbounding (in 2).
NOTE: coordinate (--,--,--) [--](was (-2.0854271356784,nan,--) [--]) has been dr
opped because it is unbounding (in 2).
NOTE: coordinate (--,--,--) [--](was (-2.035175879397,nan,--) [--]) has been dro
pped because it is unbounding (in 2).
NOTE: coordinate (--,--,--) [--](was (-1.9849246231156,nan,--) [--]) has been dr
opped because it is unbounding (in 2).
NOTE: coordinate (--,--,--) [--](was (-1.9346733668342,nan,--) [--]) has been dr
opped because it is unbounding (in 2).
NOTE: coordinate (--,--,--) [--](was (-1.8844221105528,nan,--) [--]) has been dr
opped because it is unbounding (in 2).
NOTE: coordinate (--,--,--) [--](was (-1.8341708542714,nan,--) [--]) has been dr
opped because it is unbounding (in 2).
NOTE: coordinate (--,--,--) [--](was (-1.7839195979899,nan,--) [--]) has been dr
opped because it is unbounding (in 2).
NOTE: coordinate (--,--,--) [--](was (-1.7336683417085,nan,--) [--]) has been dr
opped because it is unbounding (in 2).
NOTE: coordinate (--,--,--) [--](was (-1.6834170854271,nan,--) [--]) has been dr
opped because it is unbounding (in 2).
NOTE: coordinate (--,--,--) [--](was (-1.6331658291457,nan,--) [--]) has been dr
opped because it is unbounding (in 2).
NOTE: coordinate (--,--,--) [--](was (-1.5829145728643,nan,--) [--]) has been dr
opped because it is unbounding (in 2).
NOTE: coordinate (--,--,--) [--](was (-1.5326633165829,nan,--) [--]) has been dr
opped because it is unbounding (in 2).
NOTE: coordinate (--,--,--) [--](was (-1.4824120603015,nan,--) [--]) has been dr
opped because it is unbounding (in 2).
NOTE: coordinate (--,--,--) [--](was (-1.4321608040201,nan,--) [--]) has been dr
opped because it is unbounding (in 2).
NOTE: coordinate (--,--,--) [--](was (-1.3819095477387,nan,--) [--]) has been dr
opped because it is unbounding (in 2).
NOTE: coordinate (--,--,--) [--](was (-1.3316582914573,nan,--) [--]) has been dr
opped because it is unbounding (in 2).
NOTE: coordinate (--,--,--) [--](was (-1.2814070351759,nan,--) [--]) has been dr
opped because it is unbounding (in 2).
NOTE: coordinate (--,--,--) [--](was (-1.2311557788945,nan,--) [--]) has been dr
opped because it is unbounding (in 2).
NOTE: coordinate (--,--,--) [--](was (-1.1809045226131,nan,--) [--]) has been dr
opped because it is unbounding (in 2).
NOTE: coordinate (--,--,--) [--](was (-1.1306532663317,nan,--) [--]) has been dr
opped because it is unbounding (in 2).
NOTE: coordinate (--,--,--) [--](was (-1.0804020100503,nan,--) [--]) has been dr
opped because it is unbounding (in 2).
NOTE: coordinate (--,--,--) [--](was (-1.0301507537688,nan,--) [--]) has been dr
opped because it is unbounding (in 2).
NOTE: coordinate (--,--,--) [--](was (-0.97989949748744,nan,--) [--]) has been d
ropped because it is unbounding (in 2).
NOTE: coordinate (--,--,--) [--](was (-0.92964824120603,nan,--) [--]) has been d
ropped because it is unbounding (in 2).
NOTE: coordinate (--,--,--) [--](was (-0.87939698492462,nan,--) [--]) has been d
ropped because it is unbounding (in 2).
NOTE: coordinate (--,--,--) [--](was (-0.82914572864322,nan,--) [--]) has been d
ropped because it is unbounding (in 2).
NOTE: coordinate (--,--,--) [--](was (-0.77889447236181,nan,--) [--]) has been d
ropped because it is unbounding (in 2).
NOTE: coordinate (--,--,--) [--](was (-0.7286432160804,nan,--) [--]) has been dr
opped because it is unbounding (in 2).
NOTE: coordinate (--,--,--) [--](was (-0.67839195979899,nan,--) [--]) has been d
ropped because it is unbounding (in 2).
NOTE: coordinate (--,--,--) [--](was (-0.62814070351759,nan,--) [--]) has been d
ropped because it is unbounding (in 2).
NOTE: coordinate (--,--,--) [--](was (-0.57788944723618,nan,--) [--]) has been d
ropped because it is unbounding (in 2).
NOTE: coordinate (--,--,--) [--](was (-0.52763819095477,nan,--) [--]) has been d
ropped because it is unbounding (in 2).
NOTE: coordinate (--,--,--) [--](was (-0.47738693467337,nan,--) [--]) has been d
ropped because it is unbounding (in 2).
NOTE: coordinate (--,--,--) [--](was (-0.42713567839196,nan,--) [--]) has been d
ropped because it is unbounding (in 2).
NOTE: coordinate (--,--,--) [--](was (-0.37688442211055,nan,--) [--]) has been d
ropped because it is unbounding (in 2).
NOTE: coordinate (--,--,--) [--](was (-0.32663316582915,nan,--) [--]) has been d
ropped because it is unbounding (in 2).
NOTE: coordinate (--,--,--) [--](was (-0.27638190954774,nan,--) [--]) has been d
ropped because it is unbounding (in 2).
NOTE: coordinate (--,--,--) [--](was (-0.22613065326633,nan,--) [--]) has been d
ropped because it is unbounding (in 2).
NOTE: coordinate (--,--,--) [--](was (-0.17587939698492,nan,--) [--]) has been d
ropped because it is unbounding (in 2).
NOTE: coordinate (--,--,--) [--](was (-0.12562814070352,nan,--) [--]) has been d
ropped because it is unbounding (in 2).
NOTE: coordinate (--,--,--) [--](was (-0.07537688442211,nan,--) [--]) has been d
ropped because it is unbounding (in 2).
NOTE: coordinate (--,--,--) [--](was (-0.025125628140703,nan,--) [--]) has been 
dropped because it is unbounding (in 2).

LaTeX Warning: `h' float specifier changed to `ht'.


Underfull \vbox (badness 10000) has occurred while \output is active []



[42]
Underfull \vbox (badness 10000) has occurred while \output is active []



[43]

Package hyperref Warning: Token not allowed in a PDF string (Unicode):
(hyperref)                removing `math shift' on input line 2954.


Package hyperref Warning: Token not allowed in a PDF string (Unicode):
(hyperref)                removing `math shift' on input line 2954.


LaTeX Warning: `h' float specifier changed to `ht'.



[44]
Underfull \vbox (badness 1048) has occurred while \output is active []



[45]
Overfull \hbox (3.02025pt too wide) in paragraph at lines 3109--3110
 [][] 
 []



[46]
Underfull \vbox (badness 10000) has occurred while \output is active []



[47]

[48]

[49]
Underfull \hbox (badness 10000) in paragraph at lines 3324--3325

 []


Underfull \hbox (badness 10000) in paragraph at lines 3324--3325

 []



[50]
Underfull \hbox (badness 10000) in paragraph at lines 3344--3345

 []


Underfull \hbox (badness 10000) in paragraph at lines 3344--3345

 []


Underfull \hbox (badness 10000) in paragraph at lines 3346--3347

 []


Underfull \hbox (badness 10000) in paragraph at lines 3346--3347

 []


Underfull \hbox (badness 10000) in paragraph at lines 3348--3349

 []


Overfull \hbox (33.51985pt too wide) in paragraph at lines 3348--3349
[] \OT1/lmr/m/n/12 = [] = [] = [] =
 []


Underfull \hbox (badness 10000) in paragraph at lines 3348--3349

 []


Underfull \hbox (badness 10000) in paragraph at lines 3350--3351

 []


Overfull \hbox (13.0039pt too wide) in paragraph at lines 3350--3351
[] \OT1/lmr/m/n/12 = [] = [] =
 []


Underfull \hbox (badness 10000) in paragraph at lines 3350--3351

 []


Underfull \hbox (badness 10000) in paragraph at lines 3354--3355

 []


Overfull \hbox (43.9516pt too wide) in paragraph at lines 3354--3355
\OT1/lmr/m/n/12 = [] = [] = [] =
 []



[51]
Underfull \vbox (badness 10000) has occurred while \output is active []



[52]
Missing character: There is no ’ (U+2019) in font rm-lmr12!
Missing character: There is no ’ (U+2019) in font rm-lmr12!
Missing character: There is no ’ (U+2019) in font rm-lmr12!
Missing character: There is no ’ (U+2019) in font rm-lmr12!
Missing character: There is no ’ (U+2019) in font rm-lmr12!
Missing character: There is no ’ (U+2019) in font rm-lmr12!
Missing character: There is no ’ (U+2019) in font rm-lmr12!
Missing character: There is no ’ (U+2019) in font rm-lmr12!


[53]

[54]

[55]

LaTeX Warning: `h' float specifier changed to `ht'.



[56]

[57]

[58]

[59]

[60]
Underfull \vbox (badness 10000) has occurred while \output is active []



[61]

[62]

LaTeX Warning: `h' float specifier changed to `ht'.



[63]
Underfull \hbox (badness 10000) in paragraph at lines 4088--4089

 []


Underfull \hbox (badness 10000) in paragraph at lines 4090--4091

 []


Underfull \hbox (badness 10000) in paragraph at lines 4092--4093

 []


Underfull \hbox (badness 10000) in paragraph at lines 4094--4095

 []


Underfull \hbox (badness 10000) in paragraph at lines 4096--4097

 []


Underfull \hbox (badness 10000) in paragraph at lines 4098--4099

 []


Underfull \hbox (badness 10000) in paragraph at lines 4100--4101

 []


Underfull \hbox (badness 10000) in paragraph at lines 4102--4103

 []


Underfull \hbox (badness 10000) in paragraph at lines 4104--4105

 []


Underfull \hbox (badness 10000) in paragraph at lines 4106--4107

 []


Overfull \hbox (67.35228pt too wide) in paragraph at lines 4108--4109
[]$\OT1/lmr/m/n/12 (\OML/lmm/m/it/12 l\OT1/lmr/m/n/12 )$ $\OML/lmm/m/it/12 f[]\
OT1/lmr/m/n/12 (\OML/lmm/m/it/12 x\OT1/lmr/m/n/12 ) = []\OML/lmm/m/it/12 :[] \O
T1/lmr/m/n/12 = [] = [][] =[]\OMS/lmsy/m/n/12 )
 []


Underfull \hbox (badness 10000) in paragraph at lines 4108--4109

 []


Underfull \hbox (badness 10000) in paragraph at lines 4110--4111

 []


Underfull \hbox (badness 10000) in paragraph at lines 4112--4113

 []



[64]
Underfull \hbox (badness 10000) in paragraph at lines 4114--4115

 []


Underfull \hbox (badness 10000) in paragraph at lines 4116--4117

 []


Underfull \hbox (badness 10000) in paragraph at lines 4118--4119

 []


Underfull \hbox (badness 10000) in paragraph at lines 4120--4121

 []


Underfull \hbox (badness 10000) in paragraph at lines 4122--4123

 []


Underfull \hbox (badness 10000) in paragraph at lines 4124--4125

 []


Underfull \hbox (badness 10000) in paragraph at lines 4126--4127

 []


Underfull \vbox (badness 10000) has occurred while \output is active []



[65]
Overfull \hbox (6.85164pt too wide) detected at line 4243
[]
 []



[66]
Underfull \hbox (badness 10000) in paragraph at lines 4254--4259

 []


Overfull \hbox (6.85164pt too wide) detected at line 4268
[]
 []



[67]
Underfull \hbox (badness 10000) in paragraph at lines 4323--4328

 []


LaTeX Warning: `!h' float specifier changed to `!ht'.



[68]
Package pgfplots info on input line 4454: fill between: activating layered grap
hics
\pgf@layerbox@axis background=\box81
\pgf@layerboxsaved@axis background=\box82
\pgf@layerbox@axis grid=\box83
\pgf@layerboxsaved@axis grid=\box84
\pgf@layerbox@axis ticks=\box85
\pgf@layerboxsaved@axis ticks=\box86
\pgf@layerbox@axis lines=\box87
\pgf@layerboxsaved@axis lines=\box88
\pgf@layerbox@axis tick labels=\box89
\pgf@layerboxsaved@axis tick labels=\box90
\pgf@layerbox@pre main=\box91
\pgf@layerboxsaved@pre main=\box92
\pgf@layerbox@axis descriptions=\box93
\pgf@layerboxsaved@axis descriptions=\box94
\pgf@layerbox@axis foreground=\box95
\pgf@layerboxsaved@axis foreground=\box96
Package pgfplots info on input line 4454: Setting layers 'axis background,axis 
grid,axis ticks,axis lines,axis tick labels,pre main,main,axis descriptions,axi
s foreground'...

Underfull \vbox (badness 10000) has occurred while \output is active []



[69]
Package pgfplots info on input line 4507: fill between: activating layered grap
hics
Package pgfplots info on input line 4507: Setting layers 'axis background,axis 
grid,axis ticks,axis lines,axis tick labels,pre main,main,axis descriptions,axi
s foreground'...


[70]

[71]

[72]
Underfull \vbox (badness 10000) has occurred while \output is active []



[73]

[74]

[75]

[76]

[77]
Underfull \hbox (badness 10000) in paragraph at lines 4920--4924

 []



[78]

[79]
NOTE: coordinate (--,--,--) [--](was (-2.5,-nan(ind),--) [--]) has been dropped 
because of a coordinate filter.
NOTE: coordinate (--,--,--) [--](was (-2.4494949494949,-nan(ind),--) [--]) has b
een dropped because of a coordinate filter.
NOTE: coordinate (--,--,--) [--](was (-2.3989898989899,-nan(ind),--) [--]) has b
een dropped because of a coordinate filter.
NOTE: coordinate (--,--,--) [--](was (-2.3484848484848,-nan(ind),--) [--]) has b
een dropped because of a coordinate filter.
NOTE: coordinate (--,--,--) [--](was (-2.2979797979798,-nan(ind),--) [--]) has b
een dropped because of a coordinate filter.
NOTE: coordinate (--,--,--) [--](was (-2.2474747474747,-nan(ind),--) [--]) has b
een dropped because of a coordinate filter.
NOTE: coordinate (--,--,--) [--](was (-2.1969696969697,-nan(ind),--) [--]) has b
een dropped because of a coordinate filter.
NOTE: coordinate (--,--,--) [--](was (-2.1464646464646,-nan(ind),--) [--]) has b
een dropped because of a coordinate filter.
NOTE: coordinate (--,--,--) [--](was (-2.0959595959596,-nan(ind),--) [--]) has b
een dropped because of a coordinate filter.
NOTE: coordinate (--,--,--) [--](was (-2.0454545454545,-nan(ind),--) [--]) has b
een dropped because of a coordinate filter.
NOTE: coordinate (--,--,--) [--](was (2.0454545454545,-nan(ind),--) [--]) has be
en dropped because of a coordinate filter.
NOTE: coordinate (--,--,--) [--](was (2.0959595959596,-nan(ind),--) [--]) has be
en dropped because of a coordinate filter.
NOTE: coordinate (--,--,--) [--](was (2.1464646464646,-nan(ind),--) [--]) has be
en dropped because of a coordinate filter.
NOTE: coordinate (--,--,--) [--](was (2.1969696969697,-nan(ind),--) [--]) has be
en dropped because of a coordinate filter.
NOTE: coordinate (--,--,--) [--](was (2.2474747474747,-nan(ind),--) [--]) has be
en dropped because of a coordinate filter.
NOTE: coordinate (--,--,--) [--](was (2.2979797979798,-nan(ind),--) [--]) has be
en dropped because of a coordinate filter.
NOTE: coordinate (--,--,--) [--](was (2.3484848484848,-nan(ind),--) [--]) has be
en dropped because of a coordinate filter.
NOTE: coordinate (--,--,--) [--](was (2.3989898989899,-nan(ind),--) [--]) has be
en dropped because of a coordinate filter.
NOTE: coordinate (--,--,--) [--](was (2.4494949494949,-nan(ind),--) [--]) has be
en dropped because of a coordinate filter.
NOTE: coordinate (--,--,--) [--](was (2.5,-nan(ind),--) [--]) has been dropped b
ecause of a coordinate filter.
NOTE: coordinate (--,--,--) [--](was (-2.5,nan,--) [--]) has been dropped becaus
e it is unbounding (in 2).
NOTE: coordinate (--,--,--) [--](was (-2.4494949494949,nan,--) [--]) has been dr
opped because it is unbounding (in 2).
NOTE: coordinate (--,--,--) [--](was (-2.3989898989899,nan,--) [--]) has been dr
opped because it is unbounding (in 2).
NOTE: coordinate (--,--,--) [--](was (-2.3484848484848,nan,--) [--]) has been dr
opped because it is unbounding (in 2).
NOTE: coordinate (--,--,--) [--](was (-2.2979797979798,nan,--) [--]) has been dr
opped because it is unbounding (in 2).
NOTE: coordinate (--,--,--) [--](was (-2.2474747474747,nan,--) [--]) has been dr
opped because it is unbounding (in 2).
NOTE: coordinate (--,--,--) [--](was (-2.1969696969697,nan,--) [--]) has been dr
opped because it is unbounding (in 2).
NOTE: coordinate (--,--,--) [--](was (-2.1464646464646,nan,--) [--]) has been dr
opped because it is unbounding (in 2).
NOTE: coordinate (--,--,--) [--](was (-2.0959595959596,nan,--) [--]) has been dr
opped because it is unbounding (in 2).
NOTE: coordinate (--,--,--) [--](was (-2.0454545454545,nan,--) [--]) has been dr
opped because it is unbounding (in 2).
NOTE: coordinate (--,--,--) [--](was (2.0454545454545,nan,--) [--]) has been dro
pped because it is unbounding (in 2).
NOTE: coordinate (--,--,--) [--](was (2.0959595959596,nan,--) [--]) has been dro
pped because it is unbounding (in 2).
NOTE: coordinate (--,--,--) [--](was (2.1464646464646,nan,--) [--]) has been dro
pped because it is unbounding (in 2).
NOTE: coordinate (--,--,--) [--](was (2.1969696969697,nan,--) [--]) has been dro
pped because it is unbounding (in 2).
NOTE: coordinate (--,--,--) [--](was (2.2474747474747,nan,--) [--]) has been dro
pped because it is unbounding (in 2).
NOTE: coordinate (--,--,--) [--](was (2.2979797979798,nan,--) [--]) has been dro
pped because it is unbounding (in 2).
NOTE: coordinate (--,--,--) [--](was (2.3484848484848,nan,--) [--]) has been dro
pped because it is unbounding (in 2).
NOTE: coordinate (--,--,--) [--](was (2.3989898989899,nan,--) [--]) has been dro
pped because it is unbounding (in 2).
NOTE: coordinate (--,--,--) [--](was (2.4494949494949,nan,--) [--]) has been dro
pped because it is unbounding (in 2).
NOTE: coordinate (--,--,--) [--](was (2.5,nan,--) [--]) has been dropped because
 it is unbounding (in 2).


[80]
NOTE: coordinate (--,--,--) [--](was (0.0,inf,--) [--]) has been dropped because
 it is unbounding (in 2).
NOTE: coordinate (--,--,--) [--](was (0.0,-inf,--) [--]) has been dropped becaus
e it is unbounding (in 2).

LaTeX Warning: `!h' float specifier changed to `!ht'.


Underfull \vbox (badness 1776) has occurred while \output is active []



[81]

[82]

[83]

[84] 
enddocument/afterlastpage (AED): lastpage setting LastPage.
(./main.aux)
 ***********
LaTeX2e <2025-06-01> patch level 1
L3 programming layer <2025-06-09>
 ***********
Package rerunfilecheck Info: File `main.out' has not changed.
(rerunfilecheck)             Checksum: 0F6F6F4A0433FF617402442ABC0F1C3B;15430.
Package logreq Info: Writing requests to 'main.run.xml'.

\openout1 = main.run.xml
)

Here is how much of LuaTeX's memory you used:
 53093 strings out of 470205
 1165009,17635651 words of node,token memory allocated
 1794 words of node memory still in use:
   8 hlist, 2 vlist, 2 rule, 1 local_par, 4 glue, 4 kern, 1 penalty, 3 glyph, 35
9 attribute, 90 glue_spec, 181 attribute_list, 2 write, 1 pdf_action nodes
   avail lists: 1:31,2:269473,3:177850,4:431,5:1223,6:172,7:6615,8:292,9:2645,10
:22,11:569,12:1
 79908 multiletter control sequences out of 65536+600000
 80 fonts using 6300895 bytes
 84i,25n,84p,1871b,3047s stack positions out of 10000i,1000n,20000p,4106619b,200000s
<c:/users/david.navarro/appdata/local/programs/miktex/fonts/opentype/public/lm/l
mromancaps10-regular.otf>{C:/Users/david.navarro/AppData/Local/Programs/MiKTeX/f
onts/enc/dvips/lm/lm-rm.enc}<c:/users/david.navarro/appdata/local/programs/mikte
x/fonts/opentype/public/lm/lmroman8-regular.otf>{C:/Users/david.navarro/AppData/
Local/Programs/MiKTeX/fonts/enc/dvips/lm/lm-mathsy.enc}{C:/Users/david.navarro/A
ppData/Local/Programs/MiKTeX/fonts/enc/dvips/lm/lm-mathit.enc}<c:/users/david.na
varro/appdata/local/programs/miktex/fonts/opentype/public/lm/lmroman10-bold.otf>
<c:/users/david.navarro/appdata/local/programs/miktex/fonts/opentype/public/lm/l
mroman10-bolditalic.otf><c:/users/david.navarro/appdata/local/programs/miktex/fo
nts/opentype/public/lm/lmroman6-regular.otf><c:/users/david.navarro/appdata/loca
l/programs/miktex/fonts/opentype/public/lm/lmroman10-regular.otf><c:/users/david
.navarro/appdata/local/programs/miktex/fonts/opentype/public/lm/lmroman12-italic
.otf>{C:/Users/david.navarro/AppData/Local/Programs/MiKTeX/fonts/enc/dvips/lm/lm
-mathex.enc}<c:/users/david.navarro/appdata/local/programs/miktex/fonts/opentype
/public/lm/lmroman12-bold.otf><c:/users/david.navarro/appdata/local/programs/mik
tex/fonts/opentype/public/lm/lmroman12-regular.otf><c:/users/david.navarro/appda
ta/local/programs/miktex/fonts/opentype/public/lm/lmroman17-regular.otf><C:/User
s/david.navarro/AppData/Local/Programs/MiKTeX/fonts/type1/public/amsfonts/latxfo
nt/line10.pfb><C:/Users/david.navarro/AppData/Local/Programs/MiKTeX/fonts/type1/
public/lm/lmbx10.pfb><C:/Users/david.navarro/AppData/Local/Programs/MiKTeX/fonts
/type1/public/lm/lmbx12.pfb><C:/Users/david.navarro/AppData/Local/Programs/MiKTe
X/fonts/type1/public/lm/lmex10.pfb><C:/Users/david.navarro/AppData/Local/Program
s/MiKTeX/fonts/type1/public/lm/lmmi10.pfb><C:/Users/david.navarro/AppData/Local/
Programs/MiKTeX/fonts/type1/public/lm/lmmi12.pfb><C:/Users/david.navarro/AppData
/Local/Programs/MiKTeX/fonts/type1/public/lm/lmmi6.pfb><C:/Users/david.navarro/A
ppData/Local/Programs/MiKTeX/fonts/type1/public/lm/lmmi8.pfb><C:/Users/david.nav
arro/AppData/Local/Programs/MiKTeX/fonts/type1/public/lm/lmr10.pfb><C:/Users/dav
id.navarro/AppData/Local/Programs/MiKTeX/fonts/type1/public/lm/lmr12.pfb><C:/Use
rs/david.navarro/AppData/Local/Programs/MiKTeX/fonts/type1/public/lm/lmr5.pfb><C
:/Users/david.navarro/AppData/Local/Programs/MiKTeX/fonts/type1/public/lm/lmr6.p
fb><C:/Users/david.navarro/AppData/Local/Programs/MiKTeX/fonts/type1/public/lm/l
mr7.pfb><C:/Users/david.navarro/AppData/Local/Programs/MiKTeX/fonts/type1/public
/lm/lmr8.pfb><C:/Users/david.navarro/AppData/Local/Programs/MiKTeX/fonts/type1/p
ublic/lm/lmsy10.pfb><C:/Users/david.navarro/AppData/Local/Programs/MiKTeX/fonts/
type1/public/lm/lmsy6.pfb><C:/Users/david.navarro/AppData/Local/Programs/MiKTeX/
fonts/type1/public/lm/lmsy8.pfb><C:/Users/david.navarro/AppData/Local/Programs/M
iKTeX/fonts/type1/public/amsfonts/symbols/msbm10.pfb>
Output written on main.pdf (84 pages, 1200841 bytes).

PDF statistics: 1047 PDF objects out of 1200 (max. 8388607)
 270 named destinations out of 1000 (max. 131072)
 622 words of extra memory for PDF output out of 10000 (max. 100000000)

